,entry_timestamp,close_timestamp,status,order_type,profit_status,entry_price,close_price,lot,transaction_cost,profit_size,profit_percentage
0,2019-12-02 02:30:00,2019-12-02 03:30:00,closed,short,win,7317.5,7305.5,1,3.65275,8.347249999999999,0.114072429108302
1,2019-12-02 05:00:00,2019-12-02 05:05:00,closed,short,lose,7322.5,7328.5,1,3.66425,-9.66425,-0.131980198019802
2,2019-12-02 05:10:00,2019-12-02 05:15:00,closed,short,lose,7312.0,7340.0,1,3.67,-31.67,-0.4331236323851204
3,2019-12-02 05:25:00,2019-12-02 05:30:00,closed,short,lose,7340.5,7347.0,1,3.6735,-10.1735,-0.138594101219263
4,2019-12-02 05:45:00,2019-12-02 05:50:00,closed,short,lose,7353.0,7380.5,1,3.6902500000000003,-31.19025,-0.42418400652794774
5,2019-12-02 06:10:00,2019-12-02 06:15:00,closed,short,lose,7359.5,7361.5,1,3.68075,-5.68075,-0.07718934710238468
6,2019-12-02 06:25:00,2019-12-02 06:30:00,closed,short,lose,7356.5,7357.5,1,3.67875,-4.67875,-0.06360021749473255
7,2019-12-02 07:00:00,2019-12-02 07:30:00,closed,long,win,7395.0,7404.5,1,3.7022500000000003,5.79775,0.07840094658553076
8,2019-12-02 07:35:00,2019-12-02 07:45:00,closed,long,lose,7410.5,7403.0,1,3.7015000000000002,-11.2015,-0.15115714189325957
9,2019-12-02 08:05:00,2019-12-02 08:10:00,closed,long,lose,7407.0,7404.0,1,3.702,-6.702,-0.09048197650870798
10,2019-12-02 08:30:00,2019-12-02 08:35:00,closed,long,lose,7388.5,7380.5,1,3.6902500000000003,-11.69025,-0.15822223726060772
11,2019-12-02 08:40:00,2019-12-02 08:50:00,closed,short,win,7370.0,7362.0,1,3.681,4.319,0.058602442333785615
12,2019-12-02 09:05:00,2019-12-02 09:10:00,closed,short,lose,7371.5,7371.0,1,3.6855,-3.1855,-0.04321372854914197
13,2019-12-02 09:15:00,2019-12-02 09:20:00,closed,short,lose,7363.0,7365.0,1,3.6825,-5.6825,-0.07717642265380958
14,2019-12-02 09:35:00,2019-12-02 09:40:00,closed,long,lose,7400.0,7400.0,1,3.7,-3.7,-0.05
15,2019-12-02 09:45:00,2019-12-02 10:15:00,closed,long,lose,7411.0,7397.0,1,3.6985,-17.6985,-0.23881392524625558
16,2019-12-02 10:45:00,2019-12-02 11:00:00,closed,long,lose,7412.0,7395.0,1,3.6975000000000002,-20.6975,-0.2792431192660551
17,2019-12-02 11:15:00,2019-12-02 12:35:00,closed,short,win,7385.5,7350.0,1,3.6750000000000003,31.825,0.43091192200934264
18,2019-12-02 12:40:00,2019-12-02 12:45:00,closed,short,lose,7339.5,7338.5,1,3.66925,-2.66925,-0.03636828121806662
19,2019-12-02 12:55:00,2019-12-02 13:00:00,closed,long,lose,7371.5,7352.0,1,3.676,-23.176000000000002,-0.31440005426304013
20,2019-12-02 13:10:00,2019-12-02 14:30:00,closed,short,win,7334.0,7226.5,1,3.6132500000000003,103.88675,1.416508726479411
21,2019-12-02 15:10:00,2019-12-02 15:20:00,closed,short,lose,7230.0,7239.0,1,3.6195,-12.6195,-0.1745435684647303
22,2019-12-02 15:25:00,2019-12-02 15:30:00,closed,short,lose,7233.0,7229.5,1,3.61475,-0.11474999999999991,-0.0015864786395686423
23,2019-12-02 16:00:00,2019-12-02 16:40:00,closed,short,win,7228.0,7208.5,1,3.60425,15.89575,0.21991906474820144
24,2019-12-02 16:55:00,2019-12-02 17:00:00,closed,short,lose,7222.5,7237.0,1,3.6185,-18.1185,-0.2508618899273105
25,2019-12-02 17:30:00,2019-12-02 17:35:00,closed,long,lose,7328.5,7316.0,1,3.658,-16.158,-0.220481681108003
26,2019-12-02 18:00:00,2019-12-02 18:05:00,closed,long,lose,7324.5,7317.0,1,3.6585,-11.1585,-0.15234486995699364
27,2019-12-02 18:15:00,2019-12-02 18:30:00,closed,long,lose,7338.0,7322.0,1,3.661,-19.661,-0.26793404197328974
28,2019-12-02 18:40:00,2019-12-02 18:45:00,closed,long,lose,7326.5,7295.5,1,3.6477500000000003,-34.64775,-0.4729099843035556
29,2019-12-02 19:15:00,2019-12-02 19:20:00,closed,long,lose,7311.0,7282.5,1,3.64125,-32.14125,-0.43962864177267125
30,2019-12-02 20:05:00,2019-12-02 20:10:00,closed,short,lose,7237.5,7247.0,1,3.6235,-13.1235,-0.18132642487046632
31,2019-12-02 20:30:00,2019-12-02 20:45:00,closed,long,win,7269.0,7304.0,1,3.652,31.348,0.43125601870958863
32,2019-12-02 20:50:00,2019-12-02 21:00:00,closed,long,lose,7311.0,7296.0,1,3.648,-18.648,-0.25506770619614283
33,2019-12-02 21:15:00,2019-12-02 21:20:00,closed,long,lose,7300.0,7297.5,1,3.64875,-6.14875,-0.08422945205479451
34,2019-12-02 21:25:00,2019-12-02 21:40:00,closed,long,lose,7308.0,7302.0,1,3.6510000000000002,-9.651,-0.1320607553366174
35,2019-12-02 21:45:00,2019-12-02 22:00:00,closed,long,lose,7306.0,7266.5,1,3.63325,-43.13325,-0.5903811935395565
36,2019-12-02 22:05:00,2019-12-02 22:10:00,closed,short,lose,7277.5,7330.5,1,3.66525,-56.66525,-0.7786362074888354
37,2019-12-02 22:15:00,2019-12-02 22:25:00,closed,long,lose,7324.5,7317.0,1,3.6585,-11.1585,-0.15234486995699364
38,2019-12-02 22:30:00,2019-12-02 22:35:00,closed,long,lose,7322.5,7293.0,1,3.6465,-33.1465,-0.4526664390576989
39,2019-12-02 22:40:00,2019-12-02 23:05:00,closed,short,lose,7292.5,7303.0,1,3.6515,-14.1515,-0.19405553651011315
40,2019-12-02 23:15:00,2019-12-02 23:25:00,closed,long,lose,7311.0,7294.0,1,3.6470000000000002,-20.647,-0.28241006702229515
41,2019-12-02 23:30:00,2019-12-02 23:40:00,closed,long,win,7300.0,7323.0,1,3.6615,19.3385,0.2649109589041096
42,2019-12-02 23:45:00,2019-12-02 23:50:00,closed,short,lose,7316.0,7319.5,1,3.6597500000000003,-7.159750000000001,-0.09786427009294697
43,2019-12-03 00:00:00,2019-12-03 00:05:00,closed,long,lose,7323.0,7305.5,1,3.65275,-21.15275,-0.28885361190768816
44,2019-12-03 00:20:00,2019-12-03 00:25:00,closed,short,lose,7289.0,7296.5,1,3.64825,-11.14825,-0.15294622033200714
45,2019-12-03 01:00:00,2019-12-03 01:30:00,closed,short,lose,7267.5,7276.5,1,3.63825,-12.63825,-0.17390092879256963
46,2019-12-03 01:45:00,2019-12-03 01:50:00,closed,short,win,7278.0,7274.0,1,3.637,0.363,0.004987633965375103
47,2019-12-03 02:00:00,2019-12-03 02:30:00,closed,short,win,7273.0,7268.0,1,3.634,1.366,0.018781795682661903
48,2019-12-03 02:35:00,2019-12-03 02:40:00,closed,long,lose,7275.0,7273.5,1,3.63675,-5.13675,-0.07060824742268042
49,2019-12-03 02:45:00,2019-12-03 02:50:00,closed,short,lose,7271.0,7268.5,1,3.63425,-1.1342500000000002,-0.015599642415073582
50,2019-12-03 03:00:00,2019-12-03 03:05:00,closed,short,lose,7263.5,7276.0,1,3.638,-16.137999999999998,-0.22217939010119084
51,2019-12-03 03:10:00,2019-12-03 03:15:00,closed,short,lose,7273.0,7275.5,1,3.63775,-6.1377500000000005,-0.08439089784133096
52,2019-12-03 03:25:00,2019-12-03 03:30:00,closed,short,lose,7271.5,7277.0,1,3.6385,-9.1385,-0.12567558275458984
53,2019-12-03 04:35:00,2019-12-03 04:40:00,closed,long,lose,7310.0,7309.0,1,3.6545,-4.6545000000000005,-0.06367305061559508
54,2019-12-03 05:00:00,2019-12-03 05:15:00,closed,long,lose,7303.0,7305.0,1,3.6525,-1.6524999999999999,-0.02262768725181432
55,2019-12-03 05:20:00,2019-12-03 05:30:00,closed,long,lose,7310.5,7304.5,1,3.65225,-9.65225,-0.13203269270227755
56,2019-12-03 05:35:00,2019-12-03 05:40:00,closed,long,lose,7307.5,7307.5,1,3.65375,-3.65375,-0.05
57,2019-12-03 05:50:00,2019-12-03 06:45:00,closed,long,win,7314.0,7324.0,1,3.662,6.338,0.08665572873940389
58,2019-12-03 06:55:00,2019-12-03 07:00:00,closed,long,win,7332.5,7339.5,1,3.66975,3.33025,0.04541766109785202
59,2019-12-03 07:05:00,2019-12-03 07:10:00,closed,long,lose,7342.5,7311.5,1,3.6557500000000003,-34.65575,-0.47198842356145726
60,2019-12-03 08:20:00,2019-12-03 08:25:00,closed,long,win,7321.5,7326.5,1,3.66325,1.3367499999999999,0.018257870654920436
61,2019-12-03 08:30:00,2019-12-03 09:00:00,closed,long,lose,7396.0,7380.5,1,3.6902500000000003,-19.19025,-0.2594679556517036
62,2019-12-03 11:00:00,2019-12-03 11:05:00,closed,long,lose,7353.0,7351.5,1,3.6757500000000003,-5.175750000000001,-0.07038963688290495
63,2019-12-03 11:25:00,2019-12-03 11:30:00,closed,short,lose,7337.0,7343.0,1,3.6715,-9.6715,-0.1318181818181818
64,2019-12-03 12:00:00,2019-12-03 12:10:00,closed,long,lose,7358.0,7355.0,1,3.6775,-6.6775,-0.0907515629247078
65,2019-12-03 12:25:00,2019-12-03 12:55:00,closed,short,win,7315.5,7306.5,1,3.65325,5.34675,0.07308796391224114
66,2019-12-03 13:00:00,2019-12-03 13:05:00,closed,short,lose,7298.5,7314.0,1,3.657,-19.157,-0.26247859149140235
67,2019-12-03 13:25:00,2019-12-03 13:45:00,closed,short,lose,7294.0,7302.5,1,3.65125,-12.151250000000001,-0.16659240471620512
68,2019-12-03 13:50:00,2019-12-03 14:05:00,closed,short,lose,7272.0,7288.0,1,3.644,-19.644,-0.27013201320132013
69,2019-12-03 14:35:00,2019-12-03 14:40:00,closed,short,lose,7286.5,7298.5,1,3.64925,-15.64925,-0.2147704659301448
70,2019-12-03 14:45:00,2019-12-03 14:50:00,closed,short,lose,7295.5,7299.0,1,3.6495,-7.1495,-0.0979987663628264
71,2019-12-03 15:00:00,2019-12-03 15:10:00,closed,short,win,7295.5,7290.5,1,3.64525,1.3547500000000001,0.018569666232609142
72,2019-12-03 15:35:00,2019-12-03 15:55:00,closed,short,lose,7287.5,7294.5,1,3.64725,-10.64725,-0.14610291595197256
73,2019-12-03 16:25:00,2019-12-03 16:35:00,closed,short,lose,7291.0,7298.0,1,3.649,-10.649000000000001,-0.14605678233438488
74,2019-12-03 17:00:00,2019-12-03 17:15:00,closed,long,lose,7316.0,7302.0,1,3.6510000000000002,-17.651,-0.24126571897211593
75,2019-12-03 17:35:00,2019-12-03 18:20:00,closed,short,win,7288.0,7269.0,1,3.6345,15.3655,0.210832875960483
76,2019-12-03 19:05:00,2019-12-03 19:10:00,closed,long,lose,7292.0,7292.0,1,3.646,-3.646,-0.05
77,2019-12-03 19:15:00,2019-12-03 19:25:00,closed,short,win,7279.0,7273.0,1,3.6365000000000003,2.3634999999999997,0.032470119521912345
78,2019-12-03 19:50:00,2019-12-03 19:55:00,closed,short,lose,7260.0,7270.0,1,3.6350000000000002,-13.635,-0.1878099173553719
79,2019-12-03 20:35:00,2019-12-03 20:40:00,closed,short,lose,7277.5,7287.0,1,3.6435,-13.1435,-0.18060460322913086
80,2019-12-03 21:05:00,2019-12-03 21:10:00,closed,long,lose,7294.0,7291.0,1,3.6455,-6.6455,-0.09110913079243214
81,2019-12-03 21:35:00,2019-12-03 21:45:00,closed,short,win,7283.5,7277.5,1,3.63875,2.36125,0.03241916660945974
82,2019-12-03 22:10:00,2019-12-03 22:20:00,closed,long,lose,7305.0,7297.0,1,3.6485,-11.6485,-0.15945927446954142
83,2019-12-03 22:25:00,2019-12-03 23:00:00,closed,long,win,7301.5,7326.0,1,3.6630000000000003,20.837,0.28537971649661026
84,2019-12-03 23:05:00,2019-12-03 23:10:00,closed,long,lose,7333.0,7331.0,1,3.6655,-5.6655,-0.07726033001500068
85,2019-12-03 23:30:00,2019-12-03 23:40:00,closed,long,lose,7351.0,7342.0,1,3.6710000000000003,-12.671,-0.1723711059719766
86,2019-12-03 23:45:00,2019-12-04 00:00:00,closed,long,lose,7335.5,7317.0,1,3.6585,-22.1585,-0.302072115056915
87,2019-12-04 00:50:00,2019-12-04 00:55:00,closed,long,lose,7329.5,7325.0,1,3.6625,-8.1625,-0.11136503172112695
88,2019-12-04 01:20:00,2019-12-04 01:35:00,closed,long,lose,7337.5,7332.0,1,3.666,-9.166,-0.12491993185689948
89,2019-12-04 02:00:00,2019-12-04 02:55:00,closed,long,win,7337.5,7349.0,1,3.6745,7.8255,0.10665076660988076
90,2019-12-04 03:20:00,2019-12-04 03:25:00,closed,long,lose,7346.5,7347.5,1,3.67375,-2.67375,-0.0363948819165589
91,2019-12-04 03:30:00,2019-12-04 03:40:00,closed,long,lose,7351.0,7322.0,1,3.661,-32.661,-0.4443068970208135
92,2019-12-04 03:45:00,2019-12-04 04:40:00,closed,short,win,7321.0,7306.5,1,3.65325,10.84675,0.1481594044529436
93,2019-12-04 04:50:00,2019-12-04 04:55:00,closed,short,lose,7300.0,7306.0,1,3.653,-9.653,-0.13223287671232875
94,2019-12-04 05:10:00,2019-12-04 05:30:00,closed,short,lose,7304.0,7303.5,1,3.6517500000000003,-3.1517500000000003,-0.043151013143483026
95,2019-12-04 05:45:00,2019-12-04 05:50:00,closed,long,lose,7336.5,7332.0,1,3.666,-8.166,-0.1113064812921693
96,2019-12-04 06:05:00,2019-12-04 06:10:00,closed,long,lose,7340.0,7330.0,1,3.665,-13.665,-0.1861716621253406
97,2019-12-04 06:25:00,2019-12-04 06:30:00,closed,short,lose,7306.5,7311.5,1,3.6557500000000003,-8.655750000000001,-0.11846643399712586
98,2019-12-04 06:35:00,2019-12-04 06:40:00,closed,short,lose,7307.5,7313.0,1,3.6565,-9.1565,-0.12530277112555593
99,2019-12-04 07:10:00,2019-12-04 07:25:00,closed,short,lose,7302.0,7309.0,1,3.6545,-10.6545,-0.14591207888249794
100,2019-12-04 07:30:00,2019-12-04 07:40:00,closed,short,lose,7308.5,7305.0,1,3.6525,-0.15249999999999986,-0.0020866114797838116
101,2019-12-04 07:50:00,2019-12-04 09:05:00,closed,short,win,7294.5,7170.0,1,3.585,120.915,1.6576187538556448
102,2019-12-04 09:35:00,2019-12-04 09:40:00,closed,short,lose,7162.0,7167.5,1,3.58375,-9.08375,-0.1268325886623848
103,2019-12-04 09:50:00,2019-12-04 10:05:00,closed,short,lose,7170.0,7167.0,1,3.5835,-0.5834999999999999,-0.00813807531380753
104,2019-12-04 10:15:00,2019-12-04 10:50:00,closed,short,win,7154.5,7150.0,1,3.575,0.9249999999999998,0.012928925850863091
105,2019-12-04 11:45:00,2019-12-04 11:50:00,closed,short,lose,7150.5,7149.5,1,3.57475,-2.57475,-0.036007971470526534
106,2019-12-04 12:00:00,2019-12-04 12:05:00,closed,short,lose,7139.5,7140.0,1,3.5700000000000003,-4.07,-0.057006793192800616
107,2019-12-04 12:20:00,2019-12-04 12:35:00,closed,short,win,7155.0,7143.5,1,3.57175,7.92825,0.1108071278825996
108,2019-12-04 12:40:00,2019-12-04 13:00:00,closed,short,lose,7144.0,7147.0,1,3.5735,-6.5735,-0.09201427771556552
109,2019-12-04 13:05:00,2019-12-04 13:25:00,closed,short,lose,7132.5,7139.5,1,3.56975,-10.569749999999999,-0.14819137749737119
110,2019-12-04 13:40:00,2019-12-04 13:45:00,closed,short,lose,7139.5,7144.0,1,3.572,-8.072,-0.11306113873520553
111,2019-12-04 13:50:00,2019-12-04 14:05:00,closed,short,lose,7131.0,7151.0,1,3.5755,-23.575499999999998,-0.330605805637358
112,2019-12-04 14:10:00,2019-12-04 14:20:00,closed,short,lose,7144.0,7149.5,1,3.57475,-9.07475,-0.1270261758118701
113,2019-12-04 14:45:00,2019-12-04 14:50:00,closed,long,lose,7160.0,7150.5,1,3.57525,-13.07525,-0.18261522346368714
114,2019-12-04 14:55:00,2019-12-04 15:00:00,closed,short,lose,7137.5,7144.5,1,3.57225,-10.57225,-0.14812259194395797
115,2019-12-04 15:35:00,2019-12-04 15:55:00,closed,short,lose,7132.5,7131.5,1,3.56575,-2.56575,-0.0359726603575184
116,2019-12-04 16:05:00,2019-12-04 16:20:00,closed,short,lose,7123.5,7131.5,1,3.56575,-11.56575,-0.1623604969467256
117,2019-12-04 16:25:00,2019-12-04 16:30:00,closed,long,lose,7150.0,7145.5,1,3.57275,-8.07275,-0.1129055944055944
118,2019-12-04 16:35:00,2019-12-04 16:45:00,closed,long,lose,7155.0,7158.5,1,3.57925,-0.07925000000000004,-0.001107617051013278
119,2019-12-04 16:50:00,2019-12-04 17:20:00,closed,long,lose,7193.5,7177.0,1,3.5885000000000002,-20.0885,-0.2792590533120178
120,2019-12-04 17:30:00,2019-12-04 18:05:00,closed,long,lose,7184.5,7185.0,1,3.5925000000000002,-3.0925000000000002,-0.04304405317001879
121,2019-12-04 18:10:00,2019-12-04 18:15:00,closed,long,lose,7188.5,7190.0,1,3.595,-2.095,-0.029143771301384156
122,2019-12-04 18:20:00,2019-12-04 19:05:00,closed,long,win,7203.0,7211.0,1,3.6055,4.3945,0.06100930167985562
123,2019-12-04 20:00:00,2019-12-04 20:05:00,closed,long,lose,7220.0,7214.5,1,3.60725,-9.10725,-0.1261391966759003
124,2019-12-04 20:10:00,2019-12-04 20:25:00,closed,long,lose,7214.5,7217.0,1,3.6085000000000003,-1.1085000000000003,-0.015364890151777673
125,2019-12-04 20:55:00,2019-12-04 21:00:00,closed,long,lose,7220.0,7209.5,1,3.60475,-14.10475,-0.19535664819944598
126,2019-12-04 21:05:00,2019-12-04 21:50:00,closed,long,win,7209.5,7497.0,1,3.7485,283.7515,3.935799986129413
127,2019-12-04 22:15:00,2019-12-04 22:20:00,closed,long,lose,7520.0,7500.5,1,3.75025,-23.25025,-0.30917885638297876
128,2019-12-05 00:00:00,2019-12-05 00:05:00,closed,long,lose,7474.0,7465.5,1,3.7327500000000002,-12.23275,-0.16367072518062617
129,2019-12-05 00:10:00,2019-12-05 00:15:00,closed,long,win,7465.0,7474.5,1,3.73725,5.7627500000000005,0.07719691895512391
130,2019-12-05 00:50:00,2019-12-05 00:55:00,closed,long,lose,7468.5,7459.5,1,3.72975,-12.72975,-0.17044587266519381
131,2019-12-05 01:00:00,2019-12-05 01:15:00,closed,long,win,7469.0,7478.0,1,3.739,5.261,0.07043780961306735
132,2019-12-05 01:25:00,2019-12-05 01:45:00,closed,long,lose,7475.5,7473.5,1,3.7367500000000002,-5.736750000000001,-0.07674068624172298
133,2019-12-05 01:50:00,2019-12-05 01:55:00,closed,short,lose,7468.5,7471.0,1,3.7355,-6.2355,-0.08349066077525608
134,2019-12-05 02:20:00,2019-12-05 02:25:00,closed,short,lose,7466.0,7467.5,1,3.73375,-5.233750000000001,-0.07010112510045541
135,2019-12-05 02:35:00,2019-12-05 02:40:00,closed,short,lose,7467.5,7467.5,1,3.73375,-3.73375,-0.05
136,2019-12-05 03:00:00,2019-12-05 03:30:00,closed,long,lose,7483.0,7484.0,1,3.742,-2.742,-0.03664305759722036
137,2019-12-05 03:40:00,2019-12-05 03:45:00,closed,long,lose,7487.0,7483.5,1,3.74175,-7.24175,-0.0967243221584079
138,2019-12-05 03:55:00,2019-12-05 04:20:00,closed,long,lose,7486.0,7476.0,1,3.738,-13.738,-0.18351589633983434
139,2019-12-05 04:25:00,2019-12-05 05:50:00,closed,short,win,7471.0,7175.5,1,3.58775,291.91225,3.9072714496051395
140,2019-12-05 06:00:00,2019-12-05 06:05:00,closed,short,lose,7168.5,7192.0,1,3.596,-27.096,-0.3779870265745972
141,2019-12-05 06:10:00,2019-12-05 06:15:00,closed,short,lose,7180.5,7191.0,1,3.5955,-14.0955,-0.1963024858993106
142,2019-12-05 07:50:00,2019-12-05 08:05:00,closed,short,win,7207.0,7198.0,1,3.599,5.401,0.07494102955459969
143,2019-12-05 08:15:00,2019-12-05 08:20:00,closed,short,lose,7190.0,7197.0,1,3.5985,-10.5985,-0.14740611961057024
144,2019-12-05 08:25:00,2019-12-05 08:30:00,closed,short,lose,7193.5,7209.5,1,3.60475,-19.60475,-0.2725342322930423
145,2019-12-05 09:25:00,2019-12-05 09:30:00,closed,long,lose,7218.0,7212.5,1,3.60625,-9.10625,-0.126160293710169
146,2019-12-05 09:40:00,2019-12-05 09:45:00,closed,short,lose,7207.5,7216.0,1,3.608,-12.108,-0.1679916753381894
147,2019-12-05 09:50:00,2019-12-05 10:30:00,closed,long,lose,7222.0,7211.0,1,3.6055,-14.6055,-0.2022362226530047
148,2019-12-05 10:50:00,2019-12-05 11:35:00,closed,short,win,7201.0,7190.5,1,3.59525,6.90475,0.09588598805721427
149,2019-12-05 12:05:00,2019-12-05 12:15:00,closed,short,lose,7198.0,7205.0,1,3.6025,-10.6025,-0.1472978605168102
150,2019-12-05 12:35:00,2019-12-05 12:40:00,closed,long,lose,7234.0,7194.0,1,3.597,-43.597,-0.6026679568703346
151,2019-12-05 12:50:00,2019-12-05 12:55:00,closed,short,lose,7194.0,7198.5,1,3.59925,-8.09925,-0.11258340283569641
152,2019-12-05 13:00:00,2019-12-05 13:05:00,closed,short,lose,7193.5,7201.5,1,3.60075,-11.60075,-0.16126711614652117
153,2019-12-05 13:15:00,2019-12-05 14:00:00,closed,long,win,7224.5,7302.5,1,3.65125,74.34875,1.029119662260364
154,2019-12-05 14:10:00,2019-12-05 14:15:00,closed,long,lose,7303.0,7293.0,1,3.6465,-13.6465,-0.18686156374092838
155,2019-12-05 14:25:00,2019-12-05 14:40:00,closed,long,lose,7328.0,7299.5,1,3.64975,-32.14975,-0.43872475436681224
156,2019-12-05 14:45:00,2019-12-05 14:55:00,closed,long,lose,7313.5,7308.0,1,3.654,-9.154,-0.12516578929377178
157,2019-12-05 15:35:00,2019-12-05 15:40:00,closed,long,win,7290.0,7294.0,1,3.6470000000000002,0.35299999999999976,0.004842249657064469
158,2019-12-05 15:45:00,2019-12-05 15:55:00,closed,long,lose,7304.0,7305.5,1,3.65275,-2.15275,-0.029473576122672512
159,2019-12-05 16:10:00,2019-12-05 16:25:00,closed,long,lose,7324.0,7315.5,1,3.65775,-12.15775,-0.16599877116329875
160,2019-12-05 16:30:00,2019-12-05 16:40:00,closed,long,lose,7325.0,7308.0,1,3.654,-20.654,-0.28196587030716724
161,2019-12-05 16:45:00,2019-12-05 16:55:00,closed,long,lose,7330.5,7323.0,1,3.6615,-11.1615,-0.15226110087988542
162,2019-12-05 17:00:00,2019-12-05 17:15:00,closed,long,lose,7367.0,7328.0,1,3.664,-42.664,-0.5791231166010589
163,2019-12-05 17:25:00,2019-12-05 17:30:00,closed,long,lose,7324.5,7322.0,1,3.661,-6.161,-0.08411495665233121
164,2019-12-05 18:00:00,2019-12-05 18:10:00,closed,long,lose,7325.0,7321.5,1,3.66075,-7.16075,-0.09775767918088736
165,2019-12-05 18:15:00,2019-12-05 18:30:00,closed,long,win,7337.0,7349.0,1,3.6745,8.3255,0.11347280905002044
166,2019-12-05 18:40:00,2019-12-05 18:45:00,closed,long,lose,7375.5,7356.0,1,3.678,-23.178,-0.3142566605653854
167,2019-12-05 18:50:00,2019-12-05 19:25:00,closed,long,win,7355.5,7363.5,1,3.68175,4.31825,0.05870776969614574
168,2019-12-05 19:30:00,2019-12-05 19:35:00,closed,long,win,7368.5,7378.5,1,3.68925,6.3107500000000005,0.08564497523240823
169,2019-12-05 19:40:00,2019-12-05 19:45:00,closed,long,lose,7385.0,7376.5,1,3.68825,-12.18825,-0.16504062288422477
170,2019-12-05 19:55:00,2019-12-05 21:15:00,closed,long,win,7368.5,7422.0,1,3.7110000000000003,49.789,0.6757006174933841
171,2019-12-05 21:25:00,2019-12-05 21:30:00,closed,long,lose,7432.5,7420.0,1,3.71,-16.21,-0.21809619912546252
172,2019-12-05 22:05:00,2019-12-05 22:10:00,closed,long,lose,7405.5,7386.5,1,3.69325,-22.69325,-0.30643778272905275
173,2019-12-05 23:20:00,2019-12-05 23:50:00,closed,short,lose,7332.5,7342.5,1,3.67125,-13.67125,-0.18644732355949542
174,2019-12-05 23:55:00,2019-12-06 00:00:00,closed,short,lose,7337.5,7351.5,1,3.6757500000000003,-17.67575,-0.24089608177172064
175,2019-12-06 00:05:00,2019-12-06 00:10:00,closed,short,win,7338.0,7330.0,1,3.665,4.335,0.05907604251839738
176,2019-12-06 00:25:00,2019-12-06 01:15:00,closed,short,win,7338.0,7300.0,1,3.65,34.35,0.4681112019623876
177,2019-12-06 01:25:00,2019-12-06 01:30:00,closed,short,lose,7305.5,7326.5,1,3.66325,-24.66325,-0.3375983847785915
178,2019-12-06 03:35:00,2019-12-06 03:45:00,closed,long,lose,7402.0,7387.5,1,3.69375,-18.19375,-0.24579505539043503
179,2019-12-06 03:50:00,2019-12-06 03:55:00,closed,long,lose,7386.5,7378.5,1,3.68925,-11.68925,-0.15825153997156974
180,2019-12-06 04:00:00,2019-12-06 04:05:00,closed,long,lose,7408.0,7397.0,1,3.6985,-14.6985,-0.19841387688984882
181,2019-12-06 04:20:00,2019-12-06 04:25:00,closed,long,lose,7384.5,7376.5,1,3.68825,-11.68825,-0.1582808585550816
182,2019-12-06 04:45:00,2019-12-06 04:50:00,closed,long,lose,7389.0,7383.0,1,3.6915,-9.6915,-0.131161185546082
183,2019-12-06 04:55:00,2019-12-06 05:05:00,closed,long,win,7380.5,7387.0,1,3.6935000000000002,2.8064999999999998,0.03802587900548743
184,2019-12-06 06:05:00,2019-12-06 06:15:00,closed,long,win,7374.0,7383.5,1,3.69175,5.80825,0.07876661242202333
185,2019-12-06 06:20:00,2019-12-06 06:35:00,closed,long,lose,7395.5,7380.5,1,3.6902500000000003,-18.69025,-0.25272462984247174
186,2019-12-06 06:45:00,2019-12-06 06:55:00,closed,long,win,7388.5,7397.0,1,3.6985,4.8015,0.06498612708939569
187,2019-12-06 07:00:00,2019-12-06 07:30:00,closed,long,lose,7422.0,7408.0,1,3.704,-17.704,-0.23853408784694155
188,2019-12-06 08:00:00,2019-12-06 08:35:00,closed,short,win,7370.0,7362.0,1,3.681,4.319,0.058602442333785615
189,2019-12-06 08:40:00,2019-12-06 08:45:00,closed,short,win,7361.5,7355.5,1,3.67775,2.32225,0.03154588059498743
190,2019-12-06 09:20:00,2019-12-06 09:30:00,closed,short,lose,7365.5,7372.5,1,3.6862500000000002,-10.686250000000001,-0.14508519448781484
191,2019-12-06 09:40:00,2019-12-06 10:10:00,closed,long,lose,7416.0,7418.0,1,3.709,-1.709,-0.023044768069039913
192,2019-12-06 10:25:00,2019-12-06 10:30:00,closed,long,lose,7407.0,7384.5,1,3.69225,-26.19225,-0.35361482381530984
193,2019-12-06 10:45:00,2019-12-06 10:50:00,closed,long,lose,7399.0,7395.5,1,3.69775,-7.19775,-0.09728003784295175
194,2019-12-06 11:40:00,2019-12-06 12:25:00,closed,short,lose,7366.5,7381.5,1,3.69075,-18.69075,-0.25372632864996947
195,2019-12-06 12:30:00,2019-12-06 12:35:00,closed,long,lose,7400.0,7389.0,1,3.6945,-14.6945,-0.19857432432432431
196,2019-12-06 12:45:00,2019-12-06 13:00:00,closed,long,win,7391.5,7402.5,1,3.70125,7.29875,0.09874518027463978
197,2019-12-06 13:10:00,2019-12-06 13:30:00,closed,long,win,7396.5,7404.5,1,3.7022500000000003,4.29775,0.058105184884742776
198,2019-12-06 13:35:00,2019-12-06 13:40:00,closed,long,lose,7400.0,7392.0,1,3.696,-11.696,-0.15805405405405407
199,2019-12-06 13:55:00,2019-12-06 14:00:00,closed,long,lose,7398.5,7384.0,1,3.692,-18.192,-0.24588767993512198
200,2019-12-06 14:15:00,2019-12-06 14:30:00,closed,short,win,7381.0,7376.5,1,3.68825,0.81175,0.010997832272049857
201,2019-12-06 14:35:00,2019-12-06 15:05:00,closed,short,lose,7369.0,7378.0,1,3.689,-12.689,-0.17219432758854664
202,2019-12-06 15:35:00,2019-12-06 15:45:00,closed,short,lose,7372.0,7370.5,1,3.68525,-2.18525,-0.02964256646771568
203,2019-12-06 15:50:00,2019-12-06 15:55:00,closed,short,lose,7367.0,7369.5,1,3.68475,-6.18475,-0.08395208361612597
204,2019-12-06 16:05:00,2019-12-06 16:10:00,closed,short,lose,7368.0,7368.5,1,3.68425,-4.1842500000000005,-0.05678949511400652
205,2019-12-06 16:15:00,2019-12-06 16:20:00,closed,short,lose,7357.0,7363.5,1,3.68175,-10.181750000000001,-0.1383954057360337
206,2019-12-06 16:25:00,2019-12-06 16:30:00,closed,short,lose,7359.5,7368.0,1,3.684,-12.184000000000001,-0.16555472518513487
207,2019-12-06 16:35:00,2019-12-06 17:30:00,closed,short,win,7352.5,7341.5,1,3.67075,7.32925,0.09968378102686161
208,2019-12-06 17:40:00,2019-12-06 17:45:00,closed,long,lose,7397.0,7389.0,1,3.6945,-11.6945,-0.15809787751791265
209,2019-12-06 18:40:00,2019-12-06 18:45:00,closed,short,lose,7340.5,7349.0,1,3.6745,-12.1745,-0.1658538246713439
210,2019-12-06 18:50:00,2019-12-06 19:15:00,closed,short,lose,7332.5,7345.0,1,3.6725,-16.1725,-0.22055915444936924
211,2019-12-06 19:45:00,2019-12-06 20:00:00,closed,short,lose,7342.0,7345.0,1,3.6725,-6.672499999999999,-0.09088123127213292
212,2019-12-06 20:05:00,2019-12-06 20:15:00,closed,long,lose,7364.5,7365.0,1,3.6825,-3.1825,-0.043214067485912146
213,2019-12-06 20:20:00,2019-12-06 20:25:00,closed,long,lose,7377.5,7370.0,1,3.685,-11.185,-0.1516096238563199
214,2019-12-06 20:35:00,2019-12-06 20:55:00,closed,long,lose,7378.5,7370.0,1,3.685,-12.185,-0.16514196652436133
215,2019-12-06 21:00:00,2019-12-06 21:05:00,closed,long,lose,7372.5,7374.5,1,3.68725,-1.6872500000000001,-0.022885723974228556
216,2019-12-06 21:20:00,2019-12-06 21:35:00,closed,long,lose,7374.5,7367.5,1,3.68375,-10.68375,-0.14487422876127196
217,2019-12-06 22:20:00,2019-12-06 22:25:00,closed,long,lose,7395.5,7384.5,1,3.69225,-14.69225,-0.19866472855114597
218,2019-12-06 23:05:00,2019-12-06 23:30:00,closed,long,win,7385.0,7399.5,1,3.69975,10.80025,0.14624576844955992
219,2019-12-06 23:40:00,2019-12-06 23:45:00,closed,long,lose,7391.5,7384.0,1,3.692,-11.192,-0.1514171683690726
220,2019-12-06 23:50:00,2019-12-06 23:55:00,closed,short,lose,7365.5,7368.0,1,3.684,-6.184,-0.08395899803136243
221,2019-12-07 00:00:00,2019-12-07 00:05:00,closed,long,lose,7384.5,7381.5,1,3.69075,-6.6907499999999995,-0.0906053219581556
222,2019-12-07 00:10:00,2019-12-07 00:20:00,closed,long,lose,7392.5,7379.5,1,3.68975,-16.68975,-0.22576597903280352
223,2019-12-07 00:25:00,2019-12-07 00:55:00,closed,long,win,7386.0,7406.0,1,3.7030000000000003,16.297,0.22064717032223127
224,2019-12-07 01:10:00,2019-12-07 01:20:00,closed,long,lose,7409.0,7412.0,1,3.706,-0.706,-0.009528951275475771
225,2019-12-07 01:25:00,2019-12-07 01:55:00,closed,long,win,7416.0,7480.0,1,3.74,60.26,0.8125674217907228
226,2019-12-07 02:00:00,2019-12-07 02:05:00,closed,long,lose,7490.5,7421.0,1,3.7105,-73.2105,-0.9773780121487217
227,2019-12-07 02:10:00,2019-12-07 02:15:00,closed,long,lose,7440.5,7435.5,1,3.71775,-8.71775,-0.11716618506820778
228,2019-12-07 02:35:00,2019-12-07 02:50:00,closed,long,lose,7452.0,7450.0,1,3.725,-5.725,-0.07682501341921631
229,2019-12-07 02:55:00,2019-12-07 03:00:00,closed,long,lose,7449.0,7446.0,1,3.723,-6.723,-0.09025372533225937
230,2019-12-07 03:35:00,2019-12-07 03:50:00,closed,long,lose,7448.5,7445.5,1,3.72275,-6.72275,-0.09025642746861784
231,2019-12-07 03:55:00,2019-12-07 04:00:00,closed,long,lose,7445.5,7436.0,1,3.718,-13.218,-0.17753005170908603
232,2019-12-07 04:40:00,2019-12-07 04:45:00,closed,long,lose,7440.0,7440.5,1,3.72025,-3.22025,-0.04328293010752688
233,2019-12-07 04:55:00,2019-12-07 05:45:00,closed,long,win,7440.5,7464.5,1,3.73225,20.26775,0.27239768832739736
234,2019-12-07 06:00:00,2019-12-07 06:20:00,closed,long,win,7477.0,7511.5,1,3.75575,30.74425,0.41118429851544736
235,2019-12-07 06:25:00,2019-12-07 07:00:00,closed,long,lose,7505.0,7505.5,1,3.7527500000000003,-3.2527500000000003,-0.04334110592938042
236,2019-12-07 07:05:00,2019-12-07 07:10:00,closed,long,lose,7522.0,7514.5,1,3.75725,-11.257249999999999,-0.14965767083222548
237,2019-12-07 07:15:00,2019-12-07 07:20:00,closed,long,lose,7520.0,7516.5,1,3.75825,-7.25825,-0.09651928191489362
238,2019-12-07 07:30:00,2019-12-07 08:15:00,closed,long,win,7520.5,7527.0,1,3.7635,2.7365,0.03638720829732065
239,2019-12-07 08:25:00,2019-12-07 08:30:00,closed,long,lose,7534.5,7529.5,1,3.7647500000000003,-8.76475,-0.11632822350520935
240,2019-12-07 08:55:00,2019-12-07 09:20:00,closed,long,win,7529.5,7537.5,1,3.7687500000000003,4.231249999999999,0.05619563051995483
241,2019-12-07 10:05:00,2019-12-07 10:45:00,closed,long,win,7532.5,7551.0,1,3.7755,14.724499999999999,0.19547958845004976
242,2019-12-07 10:50:00,2019-12-07 11:05:00,closed,long,lose,7553.5,7552.5,1,3.77625,-4.77625,-0.0632322764281459
243,2019-12-07 11:35:00,2019-12-07 11:40:00,closed,short,lose,7525.5,7533.5,1,3.76675,-11.76675,-0.15635838150289016
244,2019-12-07 12:00:00,2019-12-07 12:10:00,closed,long,win,7546.5,7555.5,1,3.77775,5.22225,0.06920095408467501
245,2019-12-07 12:15:00,2019-12-07 12:20:00,closed,long,lose,7559.0,7554.0,1,3.777,-8.777000000000001,-0.11611324249239319
246,2019-12-07 12:30:00,2019-12-07 12:35:00,closed,long,lose,7585.0,7573.0,1,3.7865,-15.7865,-0.20812788398154253
247,2019-12-07 12:40:00,2019-12-07 12:55:00,closed,long,lose,7577.5,7567.5,1,3.78375,-13.78375,-0.18190366215770373
248,2019-12-07 13:30:00,2019-12-07 13:35:00,closed,long,lose,7578.0,7572.5,1,3.78625,-9.286249999999999,-0.1225422275006598
249,2019-12-07 13:40:00,2019-12-07 14:00:00,closed,long,lose,7566.0,7560.5,1,3.78025,-9.28025,-0.122657282579963
250,2019-12-07 15:00:00,2019-12-07 15:35:00,closed,short,lose,7535.5,7535.5,1,3.76775,-3.76775,-0.05
251,2019-12-07 15:45:00,2019-12-07 16:00:00,closed,short,lose,7532.5,7548.0,1,3.774,-19.274,-0.25587786259541984
252,2019-12-07 16:20:00,2019-12-07 17:05:00,closed,short,win,7535.5,7518.5,1,3.75925,13.24075,0.17571163161037756
253,2019-12-07 17:15:00,2019-12-07 17:30:00,closed,short,lose,7505.0,7522.5,1,3.76125,-21.26125,-0.28329447035309796
254,2019-12-07 17:55:00,2019-12-07 18:25:00,closed,short,lose,7508.5,7506.0,1,3.753,-1.2530000000000001,-0.016687753878937207
255,2019-12-07 18:40:00,2019-12-07 18:45:00,closed,short,lose,7504.0,7515.0,1,3.7575000000000003,-14.7575,-0.1966617803837953
256,2019-12-07 19:20:00,2019-12-07 19:25:00,closed,long,lose,7538.0,7541.5,1,3.77075,-0.27075000000000005,-0.003591801538869727
257,2019-12-07 19:50:00,2019-12-07 19:55:00,closed,long,lose,7539.5,7534.0,1,3.767,-9.267,-0.12291265999071554
258,2019-12-07 20:00:00,2019-12-07 20:20:00,closed,long,lose,7545.5,7545.5,1,3.7727500000000003,-3.7727500000000003,-0.05
259,2019-12-07 20:25:00,2019-12-07 20:30:00,closed,long,lose,7544.0,7544.0,1,3.7720000000000002,-3.7720000000000002,-0.05
260,2019-12-07 20:50:00,2019-12-07 20:55:00,closed,long,lose,7550.0,7521.0,1,3.7605,-32.7605,-0.43391390728476825
261,2019-12-07 21:00:00,2019-12-07 21:05:00,closed,short,lose,7519.0,7522.0,1,3.761,-6.761,-0.08991887219045086
262,2019-12-07 22:00:00,2019-12-07 22:15:00,closed,short,win,7523.5,7518.0,1,3.759,1.741,0.023140825413703728
263,2019-12-07 22:25:00,2019-12-07 22:55:00,closed,long,lose,7537.0,7538.0,1,3.769,-2.769,-0.036738755472999866
264,2019-12-07 23:00:00,2019-12-07 23:05:00,closed,long,lose,7546.0,7541.5,1,3.77075,-8.27075,-0.10960442618605884
265,2019-12-07 23:15:00,2019-12-07 23:20:00,closed,long,lose,7546.0,7535.5,1,3.76775,-14.26775,-0.18907699443413728
266,2019-12-07 23:35:00,2019-12-08 00:05:00,closed,short,lose,7521.5,7520.5,1,3.76025,-2.76025,-0.03669813202153826
267,2019-12-08 00:15:00,2019-12-08 00:20:00,closed,short,lose,7520.0,7527.5,1,3.76375,-11.26375,-0.14978390957446808
268,2019-12-08 00:50:00,2019-12-08 01:05:00,closed,short,lose,7517.0,7522.5,1,3.76125,-9.26125,-0.12320407077291474
269,2019-12-08 01:10:00,2019-12-08 01:15:00,closed,short,lose,7520.5,7524.0,1,3.762,-7.2620000000000005,-0.09656272854198525
270,2019-12-08 01:20:00,2019-12-08 01:30:00,closed,short,win,7520.5,7513.0,1,3.7565,3.7435,0.049777275447111226
271,2019-12-08 01:35:00,2019-12-08 01:40:00,closed,short,lose,7512.5,7519.0,1,3.7595,-10.2595,-0.1365657237936772
272,2019-12-08 01:45:00,2019-12-08 01:55:00,closed,short,lose,7515.5,7515.5,1,3.75775,-3.75775,-0.05
273,2019-12-08 02:00:00,2019-12-08 02:05:00,closed,short,lose,7512.0,7516.5,1,3.75825,-8.25825,-0.10993410543130991
274,2019-12-08 02:35:00,2019-12-08 03:10:00,closed,short,win,7516.0,7511.0,1,3.7555,1.2445,0.016558009579563597
275,2019-12-08 03:20:00,2019-12-08 03:25:00,closed,short,lose,7511.5,7512.5,1,3.75625,-4.75625,-0.06331957664913798
276,2019-12-08 04:05:00,2019-12-08 04:10:00,closed,long,lose,7523.5,7521.5,1,3.7607500000000003,-5.76075,-0.0765700804147006
277,2019-12-08 04:15:00,2019-12-08 04:20:00,closed,short,lose,7515.0,7514.0,1,3.757,-2.757,-0.03668662674650699
278,2019-12-08 04:40:00,2019-12-08 04:50:00,closed,short,lose,7511.5,7517.5,1,3.75875,-9.75875,-0.12991745989482792
279,2019-12-08 04:55:00,2019-12-08 05:30:00,closed,short,win,7513.5,7506.5,1,3.75325,3.24675,0.043212218007586345
280,2019-12-08 05:35:00,2019-12-08 06:00:00,closed,short,lose,7502.5,7511.0,1,3.7555,-12.2555,-0.16335221592802399
281,2019-12-08 06:10:00,2019-12-08 06:15:00,closed,long,lose,7517.5,7508.0,1,3.754,-13.254,-0.17630861323578315
282,2019-12-08 06:20:00,2019-12-08 06:25:00,closed,long,lose,7519.0,7511.0,1,3.7555,-11.7555,-0.15634392871392472
283,2019-12-08 06:30:00,2019-12-08 07:00:00,closed,long,lose,7516.0,7511.5,1,3.75575,-8.255749999999999,-0.10984233634912186
284,2019-12-08 07:15:00,2019-12-08 07:20:00,closed,long,lose,7518.0,7518.0,1,3.759,-3.759,-0.05
285,2019-12-08 07:30:00,2019-12-08 07:35:00,closed,long,lose,7516.5,7514.0,1,3.757,-6.257,-0.08324353089868955
286,2019-12-08 07:40:00,2019-12-08 08:10:00,closed,short,lose,7508.5,7507.5,1,3.75375,-2.75375,-0.036675101551574885
287,2019-12-08 08:30:00,2019-12-08 08:45:00,closed,short,lose,7472.0,7497.5,1,3.7487500000000002,-29.24875,-0.391444726980728
288,2019-12-08 08:50:00,2019-12-08 09:45:00,closed,short,win,7488.0,7444.5,1,3.7222500000000003,39.77775,0.5312199519230769
289,2019-12-08 10:00:00,2019-12-08 10:50:00,closed,short,win,7437.0,7409.5,1,3.70475,23.79525,0.3199576442113755
290,2019-12-08 11:00:00,2019-12-08 11:05:00,closed,short,lose,7403.5,7409.0,1,3.7045,-9.2045,-0.12432633214020394
291,2019-12-08 11:10:00,2019-12-08 11:20:00,closed,short,lose,7402.5,7415.0,1,3.7075,-16.2075,-0.21894630192502534
292,2019-12-08 11:25:00,2019-12-08 11:40:00,closed,short,win,7407.0,7403.0,1,3.7015000000000002,0.29849999999999977,0.004029971648440661
293,2019-12-08 11:45:00,2019-12-08 11:50:00,closed,short,lose,7401.0,7406.0,1,3.7030000000000003,-8.703,-0.11759221726793675
294,2019-12-08 12:00:00,2019-12-08 12:10:00,closed,short,lose,7397.5,7401.0,1,3.7005,-7.2005,-0.09733693815478202
295,2019-12-08 12:20:00,2019-12-08 12:30:00,closed,short,lose,7404.0,7408.5,1,3.70425,-8.20425,-0.11080834683954618
296,2019-12-08 14:05:00,2019-12-08 14:10:00,closed,long,lose,7440.0,7440.5,1,3.72025,-3.22025,-0.04328293010752688
297,2019-12-08 14:20:00,2019-12-08 14:50:00,closed,long,lose,7450.0,7444.5,1,3.7222500000000003,-9.22225,-0.12378859060402686
298,2019-12-08 14:55:00,2019-12-08 15:05:00,closed,long,lose,7450.5,7454.0,1,3.727,-0.22699999999999987,-0.003046775384202401
299,2019-12-08 15:15:00,2019-12-08 15:35:00,closed,long,lose,7454.0,7451.0,1,3.7255000000000003,-6.7255,-0.09022672390662732
300,2019-12-08 15:40:00,2019-12-08 15:45:00,closed,long,lose,7450.5,7449.0,1,3.7245,-5.2245,-0.07012281054962753
301,2019-12-08 16:05:00,2019-12-08 16:10:00,closed,long,lose,7449.5,7436.0,1,3.718,-17.218,-0.23112960601382643
302,2019-12-08 17:00:00,2019-12-08 17:50:00,closed,long,win,7457.5,7490.0,1,3.745,28.755,0.38558498156218574
303,2019-12-08 17:55:00,2019-12-08 18:05:00,closed,long,win,7494.0,7499.5,1,3.74975,1.7502499999999999,0.023355350947424604
304,2019-12-08 18:20:00,2019-12-08 18:30:00,closed,long,lose,7495.5,7497.0,1,3.7485,-2.2485,-0.029997998799279568
305,2019-12-08 18:40:00,2019-12-08 19:40:00,closed,long,win,7503.5,7525.0,1,3.7625,17.7375,0.23638968481375358
306,2019-12-08 19:55:00,2019-12-08 20:05:00,closed,long,lose,7522.5,7518.5,1,3.75925,-7.75925,-0.10314722499169159
307,2019-12-08 20:10:00,2019-12-08 20:15:00,closed,long,lose,7522.5,7511.0,1,3.7555,-15.2555,-0.20279827185111332
308,2019-12-08 20:20:00,2019-12-08 20:30:00,closed,long,win,7514.0,7519.5,1,3.75975,1.74025,0.023160101144530213
309,2019-12-08 21:05:00,2019-12-08 21:15:00,closed,long,win,7520.5,7526.5,1,3.76325,2.23675,0.02974203842829599
310,2019-12-08 21:20:00,2019-12-08 21:30:00,closed,long,lose,7523.0,7525.5,1,3.76275,-1.26275,-0.016785192077628606
311,2019-12-08 21:35:00,2019-12-08 21:45:00,closed,long,lose,7528.0,7528.5,1,3.76425,-3.26425,-0.04336145058448459
312,2019-12-08 21:50:00,2019-12-08 21:55:00,closed,long,lose,7533.5,7525.0,1,3.7625,-12.2625,-0.16277294750116147
313,2019-12-08 22:00:00,2019-12-08 22:05:00,closed,long,lose,7529.0,7525.5,1,3.76275,-7.2627500000000005,-0.09646367379466066
314,2019-12-08 22:35:00,2019-12-08 22:40:00,closed,long,lose,7525.5,7525.5,1,3.76275,-3.76275,-0.05
315,2019-12-08 23:00:00,2019-12-08 23:35:00,closed,long,win,7531.0,7545.0,1,3.7725,10.2275,0.135805337936529
316,2019-12-08 23:40:00,2019-12-08 23:50:00,closed,long,lose,7549.5,7548.5,1,3.77425,-4.77425,-0.06323928737002452
317,2019-12-08 23:55:00,2019-12-09 00:00:00,closed,long,lose,7555.5,7537.0,1,3.7685,-22.2685,-0.2947323142081927
318,2019-12-09 00:15:00,2019-12-09 00:20:00,closed,short,lose,7522.0,7524.5,1,3.76225,-6.26225,-0.08325245945227333
319,2019-12-09 00:30:00,2019-12-09 00:35:00,closed,short,lose,7527.0,7527.5,1,3.76375,-4.26375,-0.05664607413312076
320,2019-12-09 00:55:00,2019-12-09 01:00:00,closed,short,lose,7524.0,7529.0,1,3.7645,-8.7645,-0.11648724082934608
321,2019-12-09 01:30:00,2019-12-09 02:00:00,closed,long,lose,7539.0,7537.0,1,3.7685,-5.7684999999999995,-0.07651545297784852
322,2019-12-09 02:05:00,2019-12-09 02:20:00,closed,long,lose,7549.0,7544.5,1,3.77225,-8.27225,-0.10958073917075109
323,2019-12-09 02:25:00,2019-12-09 02:45:00,closed,long,lose,7551.0,7541.0,1,3.7705,-13.7705,-0.18236657396371342
324,2019-12-09 02:55:00,2019-12-09 03:00:00,closed,short,lose,7524.5,7525.5,1,3.76275,-4.7627500000000005,-0.06329656455578445
325,2019-12-09 03:05:00,2019-12-09 03:40:00,closed,short,win,7523.0,7514.0,1,3.757,5.243,0.06969294164562011
326,2019-12-09 04:15:00,2019-12-09 04:20:00,closed,short,lose,7515.0,7520.5,1,3.76025,-9.26025,-0.12322355289421158
327,2019-12-09 04:30:00,2019-12-09 04:35:00,closed,short,lose,7522.5,7526.5,1,3.76325,-7.76325,-0.10320039880358924
328,2019-12-09 04:45:00,2019-12-09 05:10:00,closed,long,win,7529.5,7534.5,1,3.76725,1.2327499999999998,0.016372269074971774
329,2019-12-09 05:15:00,2019-12-09 05:55:00,closed,long,lose,7543.5,7541.0,1,3.7705,-6.2705,-0.08312454430967058
330,2019-12-09 06:00:00,2019-12-09 06:05:00,closed,long,lose,7540.5,7533.0,1,3.7665,-11.2665,-0.14941316888800477
331,2019-12-09 06:10:00,2019-12-09 06:15:00,closed,short,lose,7526.5,7537.5,1,3.7687500000000003,-14.76875,-0.19622334418388362
332,2019-12-09 06:25:00,2019-12-09 06:35:00,closed,short,lose,7532.0,7535.0,1,3.7675,-6.7675,-0.08984997344662772
333,2019-12-09 06:45:00,2019-12-09 07:00:00,closed,long,lose,7546.0,7546.5,1,3.77325,-3.27325,-0.043377285979326795
334,2019-12-09 07:15:00,2019-12-09 07:40:00,closed,short,win,7538.5,7521.5,1,3.7607500000000003,13.23925,0.17562180805199973
335,2019-12-09 07:55:00,2019-12-09 08:00:00,closed,short,lose,7512.5,7516.0,1,3.758,-7.258,-0.09661231281198003
336,2019-12-09 08:30:00,2019-12-09 08:40:00,closed,long,lose,7539.0,7535.0,1,3.7675,-7.7675,-0.10303090595569703
337,2019-12-09 08:45:00,2019-12-09 08:50:00,closed,long,lose,7540.5,7535.5,1,3.76775,-8.76775,-0.11627544592533652
338,2019-12-09 09:10:00,2019-12-09 09:15:00,closed,short,lose,7523.5,7525.0,1,3.7625,-5.2625,-0.06994749784010103
339,2019-12-09 09:30:00,2019-12-09 10:10:00,closed,short,win,7517.5,7499.0,1,3.7495000000000003,14.750499999999999,0.1962154971732624
340,2019-12-09 10:20:00,2019-12-09 10:45:00,closed,short,lose,7494.5,7499.5,1,3.74975,-8.74975,-0.11674894922943492
341,2019-12-09 11:20:00,2019-12-09 11:25:00,closed,short,lose,7499.0,7504.5,1,3.75225,-9.25225,-0.12337978397119617
342,2019-12-09 11:55:00,2019-12-09 12:00:00,closed,long,lose,7521.0,7518.5,1,3.75925,-6.25925,-0.08322364047334131
343,2019-12-09 12:20:00,2019-12-09 12:25:00,closed,long,lose,7532.5,7524.0,1,3.762,-12.262,-0.16278791901759046
344,2019-12-09 12:30:00,2019-12-09 12:35:00,closed,long,lose,7529.5,7523.5,1,3.76175,-9.76175,-0.12964672288996612
345,2019-12-09 12:40:00,2019-12-09 12:50:00,closed,long,lose,7525.0,7517.0,1,3.7585,-11.7585,-0.15625913621262458
346,2019-12-09 12:55:00,2019-12-09 13:00:00,closed,short,lose,7503.5,7506.0,1,3.753,-6.253,-0.08333444392616779
347,2019-12-09 13:10:00,2019-12-09 13:20:00,closed,short,lose,7506.0,7516.0,1,3.758,-13.758,-0.18329336530775378
348,2019-12-09 13:40:00,2019-12-09 14:10:00,closed,short,win,7505.0,7487.0,1,3.7435,14.256499999999999,0.18996002664890071
349,2019-12-09 14:20:00,2019-12-09 14:35:00,closed,short,lose,7482.0,7482.0,1,3.741,-3.741,-0.05
350,2019-12-09 14:40:00,2019-12-09 14:45:00,closed,short,lose,7482.5,7519.0,1,3.7595,-40.2595,-0.5380487804878049
351,2019-12-09 15:00:00,2019-12-09 15:15:00,closed,short,win,7487.0,7482.5,1,3.74125,0.75875,0.010134232669961267
352,2019-12-09 15:20:00,2019-12-09 15:40:00,closed,short,lose,7473.5,7479.5,1,3.73975,-9.73975,-0.1303238107981535
353,2019-12-09 15:45:00,2019-12-09 16:20:00,closed,short,win,7481.0,7470.0,1,3.735,7.265000000000001,0.09711268546985699
354,2019-12-09 16:40:00,2019-12-09 16:45:00,closed,short,lose,7461.0,7460.5,1,3.7302500000000003,-3.2302500000000003,-0.0432951347004423
355,2019-12-09 16:50:00,2019-12-09 17:00:00,closed,short,lose,7464.5,7469.5,1,3.73475,-8.73475,-0.11701721481679951
356,2019-12-09 17:50:00,2019-12-09 18:10:00,closed,short,lose,7463.5,7467.0,1,3.7335000000000003,-7.2335,-0.09691833590138675
357,2019-12-09 18:45:00,2019-12-09 18:50:00,closed,short,lose,7469.0,7478.0,1,3.739,-12.739,-0.17055830767170974
358,2019-12-09 18:55:00,2019-12-09 19:10:00,closed,long,lose,7484.0,7484.5,1,3.7422500000000003,-3.2422500000000003,-0.04332242116515233
359,2019-12-09 20:00:00,2019-12-09 20:05:00,closed,short,lose,7470.0,7476.0,1,3.738,-9.738,-0.13036144578313252
360,2019-12-09 20:10:00,2019-12-09 20:15:00,closed,long,lose,7479.0,7478.5,1,3.73925,-4.23925,-0.05668204305388421
361,2019-12-09 20:20:00,2019-12-09 20:40:00,closed,long,win,7486.0,7495.0,1,3.7475,5.2524999999999995,0.07016430670585092
362,2019-12-09 20:50:00,2019-12-09 21:05:00,closed,long,win,7492.0,7503.0,1,3.7515,7.2485,0.09674986652429257
363,2019-12-09 21:10:00,2019-12-09 21:40:00,closed,long,win,7506.5,7512.0,1,3.7560000000000002,1.7439999999999998,0.02323319789515753
364,2019-12-09 21:45:00,2019-12-09 21:50:00,closed,long,lose,7518.0,7512.5,1,3.75625,-9.25625,-0.12312117584463951
365,2019-12-09 22:00:00,2019-12-09 22:05:00,closed,long,lose,7515.0,7510.5,1,3.75525,-8.25525,-0.10985029940119762
366,2019-12-09 22:10:00,2019-12-09 23:10:00,closed,long,win,7516.5,7523.0,1,3.7615000000000003,2.7384999999999997,0.036433180336592826
367,2019-12-09 23:30:00,2019-12-10 00:20:00,closed,short,win,7483.0,7430.0,1,3.715,49.285,0.6586262194307095
368,2019-12-10 00:35:00,2019-12-10 00:45:00,closed,short,lose,7406.5,7421.0,1,3.7105,-18.2105,-0.24587186930398974
369,2019-12-10 00:50:00,2019-12-10 01:00:00,closed,short,lose,7410.5,7423.5,1,3.71175,-16.71175,-0.22551447270764452
370,2019-12-10 03:10:00,2019-12-10 03:25:00,closed,short,lose,7427.5,7427.5,1,3.71375,-3.71375,-0.05
371,2019-12-10 03:30:00,2019-12-10 05:00:00,closed,short,win,7426.0,7311.5,1,3.6557500000000003,110.84425,1.4926508214381902
372,2019-12-10 05:05:00,2019-12-10 05:10:00,closed,short,lose,7318.0,7323.0,1,3.6615,-8.6615,-0.11835884121344631
373,2019-12-10 05:15:00,2019-12-10 05:25:00,closed,short,lose,7313.0,7321.0,1,3.6605,-11.660499999999999,-0.15944892656912346
374,2019-12-10 06:05:00,2019-12-10 06:15:00,closed,short,win,7331.5,7319.5,1,3.6597500000000003,8.34025,0.11375912159858145
375,2019-12-10 07:00:00,2019-12-10 07:05:00,closed,short,lose,7324.5,7328.5,1,3.66425,-7.66425,-0.1046385418799918
376,2019-12-10 07:15:00,2019-12-10 07:25:00,closed,short,lose,7334.0,7337.0,1,3.6685,-6.6685,-0.09092582492500682
377,2019-12-10 07:35:00,2019-12-10 07:40:00,closed,short,lose,7333.5,7334.0,1,3.6670000000000003,-4.167,-0.056821435876457355
378,2019-12-10 08:00:00,2019-12-10 08:10:00,closed,short,lose,7320.0,7331.0,1,3.6655,-14.6655,-0.20034836065573772
379,2019-12-10 08:20:00,2019-12-10 08:35:00,closed,short,win,7331.0,7320.0,1,3.66,7.34,0.10012276633474287
380,2019-12-10 08:40:00,2019-12-10 08:50:00,closed,short,lose,7322.0,7334.0,1,3.6670000000000003,-15.667,-0.2139715924610762
381,2019-12-10 09:00:00,2019-12-10 09:10:00,closed,long,lose,7340.0,7335.5,1,3.6677500000000003,-8.16775,-0.11127724795640327
382,2019-12-10 09:15:00,2019-12-10 09:30:00,closed,long,lose,7347.5,7335.0,1,3.6675,-16.1675,-0.22004083021435863
383,2019-12-10 09:35:00,2019-12-10 09:45:00,closed,long,lose,7342.5,7345.5,1,3.67275,-0.6727500000000002,-0.009162410623084783
384,2019-12-10 09:50:00,2019-12-10 10:35:00,closed,long,win,7350.0,7360.5,1,3.68025,6.81975,0.09278571428571428
385,2019-12-10 10:40:00,2019-12-10 10:45:00,closed,long,lose,7366.5,7362.0,1,3.681,-8.181000000000001,-0.11105681124007331
386,2019-12-10 11:15:00,2019-12-10 11:35:00,closed,long,lose,7372.0,7366.5,1,3.68325,-9.183250000000001,-0.12456931633206729
387,2019-12-10 11:50:00,2019-12-10 12:05:00,closed,long,lose,7371.0,7364.5,1,3.6822500000000002,-10.18225,-0.13813932980599647
388,2019-12-10 12:25:00,2019-12-10 12:30:00,closed,long,lose,7369.5,7368.0,1,3.684,-5.184,-0.07034398534500305
389,2019-12-10 12:35:00,2019-12-10 12:45:00,closed,long,win,7370.5,7375.0,1,3.6875,0.8125,0.011023675462994369
390,2019-12-10 13:40:00,2019-12-10 13:55:00,closed,short,lose,7342.5,7345.0,1,3.6725,-6.172499999999999,-0.08406537282941777
391,2019-12-10 14:05:00,2019-12-10 14:15:00,closed,short,lose,7340.5,7347.5,1,3.67375,-10.67375,-0.14540903208228323
392,2019-12-10 14:50:00,2019-12-10 14:55:00,closed,short,lose,7344.5,7344.5,1,3.67225,-3.67225,-0.05
393,2019-12-10 15:05:00,2019-12-10 15:20:00,closed,short,win,7338.5,7333.0,1,3.6665,1.8335,0.024984669891667234
394,2019-12-10 15:25:00,2019-12-10 15:35:00,closed,short,lose,7328.5,7342.0,1,3.6710000000000003,-17.171,-0.23430442791840073
395,2019-12-10 15:40:00,2019-12-10 15:45:00,closed,long,lose,7353.0,7350.5,1,3.67525,-6.17525,-0.0839827281381749
396,2019-12-10 16:05:00,2019-12-10 17:00:00,closed,short,win,7340.0,7307.0,1,3.6535,29.3465,0.3998160762942779
397,2019-12-10 17:30:00,2019-12-10 17:55:00,closed,short,lose,7307.5,7308.0,1,3.654,-4.154,-0.056845706465959635
398,2019-12-10 18:25:00,2019-12-10 18:30:00,closed,long,lose,7339.0,7338.0,1,3.669,-4.6690000000000005,-0.06361902166507699
399,2019-12-10 19:00:00,2019-12-10 19:05:00,closed,long,lose,7345.5,7335.5,1,3.6677500000000003,-13.66775,-0.18606970253896943
400,2019-12-10 19:20:00,2019-12-10 19:35:00,closed,long,lose,7358.0,7345.0,1,3.6725,-16.6725,-0.22659010600706714
401,2019-12-10 19:40:00,2019-12-10 19:45:00,closed,long,lose,7344.5,7341.5,1,3.67075,-6.67075,-0.09082646878616651
402,2019-12-10 20:00:00,2019-12-10 20:20:00,closed,short,lose,7331.0,7329.5,1,3.66475,-2.16475,-0.029528713681625976
403,2019-12-10 20:25:00,2019-12-10 20:30:00,closed,long,win,7337.0,7341.0,1,3.6705,0.3294999999999999,0.0044909363500068135
404,2019-12-10 20:35:00,2019-12-10 20:50:00,closed,long,lose,7346.0,7346.5,1,3.67325,-3.17325,-0.043196977947182136
405,2019-12-10 21:05:00,2019-12-10 21:10:00,closed,short,lose,7324.0,7325.0,1,3.6625,-4.6625,-0.0636605679956308
406,2019-12-10 21:40:00,2019-12-10 21:45:00,closed,long,lose,7325.5,7315.5,1,3.65775,-13.65775,-0.1864411985529998
407,2019-12-10 22:00:00,2019-12-10 22:05:00,closed,short,lose,7313.0,7313.0,1,3.6565,-3.6565,-0.05
408,2019-12-10 22:10:00,2019-12-10 22:15:00,closed,short,lose,7308.0,7329.5,1,3.66475,-25.16475,-0.34434523809523815
409,2019-12-10 22:35:00,2019-12-10 22:45:00,closed,long,lose,7334.5,7327.0,1,3.6635,-11.163499999999999,-0.15220533097007294
410,2019-12-10 22:50:00,2019-12-10 23:25:00,closed,short,win,7324.0,7275.5,1,3.63775,44.86225,0.612537547788094
411,2019-12-10 23:30:00,2019-12-11 00:20:00,closed,short,win,7270.0,7229.5,1,3.61475,36.88525,0.5073624484181568
412,2019-12-11 00:30:00,2019-12-11 00:45:00,closed,short,lose,7226.5,7224.0,1,3.612,-1.112,-0.015387808759427109
413,2019-12-11 00:55:00,2019-12-11 01:00:00,closed,short,lose,7231.5,7232.5,1,3.61625,-4.61625,-0.0638353038788633
414,2019-12-11 01:25:00,2019-12-11 02:15:00,closed,short,win,7225.5,7208.5,1,3.60425,13.39575,0.18539547436163586
415,2019-12-11 02:20:00,2019-12-11 02:25:00,closed,short,lose,7199.0,7210.5,1,3.6052500000000003,-15.10525,-0.20982428115015975
416,2019-12-11 03:15:00,2019-12-11 03:25:00,closed,short,lose,7210.0,7212.5,1,3.60625,-6.10625,-0.08469140083217754
417,2019-12-11 04:05:00,2019-12-11 04:40:00,closed,short,lose,7200.0,7199.5,1,3.5997500000000002,-3.0997500000000002,-0.04305208333333334
418,2019-12-11 04:45:00,2019-12-11 04:50:00,closed,long,lose,7213.0,7204.5,1,3.60225,-12.10225,-0.1677838624705393
419,2019-12-11 05:10:00,2019-12-11 05:15:00,closed,long,lose,7223.5,7222.5,1,3.61125,-4.61125,-0.06383678272305669
420,2019-12-11 05:25:00,2019-12-11 05:30:00,closed,long,lose,7230.0,7221.5,1,3.61075,-12.11075,-0.16750691562932227
421,2019-12-11 06:05:00,2019-12-11 06:55:00,closed,long,lose,7229.5,7226.5,1,3.6132500000000003,-6.613250000000001,-0.091475897364963
422,2019-12-11 07:05:00,2019-12-11 07:10:00,closed,long,lose,7231.5,7232.0,1,3.616,-3.116,-0.043089262255410356
423,2019-12-11 07:20:00,2019-12-11 07:35:00,closed,long,lose,7236.0,7224.5,1,3.61225,-15.11225,-0.20884812050856824
424,2019-12-11 07:55:00,2019-12-11 08:00:00,closed,short,lose,7218.0,7224.0,1,3.612,-9.612,-0.13316708229426433
425,2019-12-11 08:25:00,2019-12-11 08:30:00,closed,short,lose,7224.5,7227.0,1,3.6135,-6.1135,-0.0846217731330888
426,2019-12-11 08:40:00,2019-12-11 08:45:00,closed,long,lose,7233.5,7227.5,1,3.61375,-9.61375,-0.13290592382663993
427,2019-12-11 09:20:00,2019-12-11 10:10:00,closed,long,win,7235.0,7245.5,1,3.62275,6.87725,0.09505528680027643
428,2019-12-11 10:40:00,2019-12-11 10:45:00,closed,long,lose,7250.0,7246.5,1,3.62325,-7.1232500000000005,-0.09825172413793104
429,2019-12-11 11:00:00,2019-12-11 12:05:00,closed,short,win,7221.5,7208.0,1,3.604,9.896,0.13703524198573705
430,2019-12-11 12:30:00,2019-12-11 12:50:00,closed,short,lose,7203.5,7211.5,1,3.60575,-11.60575,-0.16111265357118068
431,2019-12-11 13:25:00,2019-12-11 14:05:00,closed,short,win,7209.0,7199.0,1,3.5995,6.4005,0.08878485226799834
432,2019-12-11 14:25:00,2019-12-11 14:30:00,closed,short,lose,7192.0,7194.0,1,3.597,-5.5969999999999995,-0.07782258064516129
433,2019-12-11 14:40:00,2019-12-11 14:50:00,closed,short,lose,7198.0,7204.0,1,3.602,-9.602,-0.1333981661572659
434,2019-12-11 15:10:00,2019-12-11 15:15:00,closed,short,lose,7198.5,7203.0,1,3.6015,-8.1015,-0.11254428005834549
435,2019-12-11 15:45:00,2019-12-11 15:50:00,closed,long,lose,7208.5,7207.0,1,3.6035,-5.1035,-0.07079836304362905
436,2019-12-11 16:00:00,2019-12-11 16:30:00,closed,long,lose,7219.0,7209.0,1,3.6045000000000003,-13.6045,-0.18845407951239784
437,2019-12-11 16:55:00,2019-12-11 17:50:00,closed,long,win,7214.5,7223.5,1,3.6117500000000002,5.388249999999999,0.07468639545360038
438,2019-12-11 18:00:00,2019-12-11 18:05:00,closed,long,lose,7226.5,7225.0,1,3.6125000000000003,-5.112500000000001,-0.07074655780806753
439,2019-12-11 18:10:00,2019-12-11 18:15:00,closed,short,lose,7193.0,7204.5,1,3.60225,-15.10225,-0.20995759766439595
440,2019-12-11 19:00:00,2019-12-11 19:05:00,closed,long,lose,7219.5,7219.5,1,3.60975,-3.60975,-0.05
441,2019-12-11 19:30:00,2019-12-11 19:40:00,closed,long,lose,7224.5,7222.5,1,3.61125,-5.61125,-0.07766973492975293
442,2019-12-11 19:45:00,2019-12-11 20:20:00,closed,long,win,7226.0,7233.5,1,3.61675,3.88325,0.05373996678660393
443,2019-12-11 20:25:00,2019-12-11 21:10:00,closed,long,lose,7233.5,7230.5,1,3.61525,-6.61525,-0.09145296191331996
444,2019-12-11 21:25:00,2019-12-11 21:30:00,closed,short,lose,7213.0,7219.5,1,3.60975,-10.10975,-0.14016012754748372
445,2019-12-11 21:40:00,2019-12-11 21:45:00,closed,short,lose,7226.0,7228.5,1,3.61425,-6.11425,-0.08461458621644063
446,2019-12-11 21:55:00,2019-12-11 22:05:00,closed,long,lose,7235.0,7237.0,1,3.6185,-1.6185,-0.022370421561852108
447,2019-12-11 22:10:00,2019-12-11 22:15:00,closed,long,lose,7240.0,7228.5,1,3.61425,-15.11425,-0.2087603591160221
448,2019-12-11 22:20:00,2019-12-11 22:35:00,closed,short,lose,7225.0,7226.5,1,3.6132500000000003,-5.113250000000001,-0.07077162629757787
449,2019-12-11 22:50:00,2019-12-11 23:05:00,closed,long,lose,7227.0,7226.5,1,3.6132500000000003,-4.113250000000001,-0.05691504081915042
450,2019-12-11 23:20:00,2019-12-11 23:55:00,closed,short,win,7201.0,7164.0,1,3.5820000000000003,33.418,0.4640744341063741
451,2019-12-12 00:00:00,2019-12-12 00:05:00,closed,short,lose,7150.5,7160.5,1,3.58025,-13.58025,-0.18992028529473462
452,2019-12-12 00:50:00,2019-12-12 00:55:00,closed,short,win,7186.0,7178.5,1,3.5892500000000003,3.9107499999999997,0.054421792374060675
453,2019-12-12 01:00:00,2019-12-12 01:05:00,closed,short,lose,7178.5,7184.0,1,3.592,-9.092,-0.1266559866267326
454,2019-12-12 01:25:00,2019-12-12 01:30:00,closed,short,lose,7170.5,7173.5,1,3.58675,-6.58675,-0.09185900564814169
455,2019-12-12 02:25:00,2019-12-12 02:30:00,closed,short,lose,7180.5,7183.0,1,3.5915,-6.0915,-0.08483392521412159
456,2019-12-12 02:35:00,2019-12-12 02:55:00,closed,short,lose,7176.5,7175.5,1,3.58775,-2.58775,-0.03605866369400126
457,2019-12-12 03:35:00,2019-12-12 03:55:00,closed,short,lose,7184.5,7190.0,1,3.595,-9.095,-0.1265919688217691
458,2019-12-12 04:05:00,2019-12-12 04:15:00,closed,long,lose,7185.5,7179.5,1,3.58975,-9.58975,-0.133459745320437
459,2019-12-12 04:40:00,2019-12-12 05:10:00,closed,short,lose,7170.0,7172.0,1,3.586,-5.586,-0.07790794979079498
460,2019-12-12 05:20:00,2019-12-12 05:25:00,closed,short,lose,7168.0,7172.0,1,3.586,-7.586,-0.10583147321428572
461,2019-12-12 05:35:00,2019-12-12 05:40:00,closed,short,lose,7171.5,7172.0,1,3.586,-4.086,-0.056975528132189916
462,2019-12-12 05:50:00,2019-12-12 06:10:00,closed,long,lose,7186.5,7182.5,1,3.59125,-7.5912500000000005,-0.10563208794267029
463,2019-12-12 06:15:00,2019-12-12 06:20:00,closed,short,lose,7173.0,7177.5,1,3.58875,-8.088750000000001,-0.11276662484316187
464,2019-12-12 06:25:00,2019-12-12 06:30:00,closed,long,lose,7185.5,7186.0,1,3.593,-3.093,-0.04304502122329692
465,2019-12-12 06:35:00,2019-12-12 06:40:00,closed,short,lose,7179.0,7177.5,1,3.58875,-2.08875,-0.029095277893857085
466,2019-12-12 06:55:00,2019-12-12 07:30:00,closed,long,lose,7192.0,7193.0,1,3.5965000000000003,-2.5965000000000003,-0.03610261401557286
467,2019-12-12 07:45:00,2019-12-12 07:50:00,closed,long,lose,7194.5,7193.0,1,3.5965000000000003,-5.096500000000001,-0.07083883522134965
468,2019-12-12 07:55:00,2019-12-12 08:15:00,closed,long,lose,7196.5,7185.5,1,3.59275,-14.59275,-0.2027756548322101
469,2019-12-12 08:20:00,2019-12-12 08:50:00,closed,short,win,7152.0,7134.0,1,3.567,14.433,0.2018036912751678
470,2019-12-12 08:55:00,2019-12-12 09:05:00,closed,short,win,7135.5,7131.5,1,3.56575,0.43425,0.006085768341391634
471,2019-12-12 09:25:00,2019-12-12 09:40:00,closed,short,lose,7127.5,7124.5,1,3.56225,-0.5622500000000001,-0.007888460189407228
472,2019-12-12 09:45:00,2019-12-12 09:55:00,closed,short,lose,7124.5,7142.5,1,3.57125,-21.57125,-0.30277563337778085
473,2019-12-12 11:50:00,2019-12-12 12:15:00,closed,short,win,7155.0,7149.0,1,3.5745,2.4255,0.033899371069182394
474,2019-12-12 12:25:00,2019-12-12 12:30:00,closed,short,lose,7145.5,7149.0,1,3.5745,-7.0745000000000005,-0.09900636764397173
475,2019-12-12 12:40:00,2019-12-12 13:00:00,closed,short,win,7147.5,7141.0,1,3.5705,2.9295,0.04098635886673662
476,2019-12-12 13:25:00,2019-12-12 13:45:00,closed,long,win,7142.5,7149.0,1,3.5745,2.9255,0.04095904795239762
477,2019-12-12 14:25:00,2019-12-12 14:40:00,closed,long,win,7144.5,7149.0,1,3.5745,0.9255,0.01295402057526769
478,2019-12-12 14:45:00,2019-12-12 14:50:00,closed,long,lose,7149.0,7150.0,1,3.575,-2.575,-0.036019023639669884
479,2019-12-12 15:00:00,2019-12-12 15:10:00,closed,short,lose,7151.5,7153.0,1,3.5765000000000002,-5.0765,-0.07098510801929665
480,2019-12-12 15:15:00,2019-12-12 15:25:00,closed,short,lose,7148.0,7145.0,1,3.5725000000000002,-0.5725000000000002,-0.008009233351986573
481,2019-12-12 15:35:00,2019-12-12 15:40:00,closed,short,lose,7146.0,7146.0,1,3.573,-3.573,-0.05
482,2019-12-12 15:45:00,2019-12-12 16:30:00,closed,short,win,7143.0,7121.0,1,3.5605,18.4395,0.2581478370432591
483,2019-12-12 16:35:00,2019-12-12 16:45:00,closed,short,lose,7118.0,7119.0,1,3.5595,-4.5595,-0.06405591458274797
484,2019-12-12 17:30:00,2019-12-12 17:35:00,closed,long,lose,7147.0,7145.0,1,3.5725000000000002,-5.5725,-0.07796977752903315
485,2019-12-12 17:45:00,2019-12-12 18:05:00,closed,long,win,7144.0,7154.5,1,3.5772500000000003,6.92275,0.09690299552071668
486,2019-12-12 18:10:00,2019-12-12 18:15:00,closed,short,lose,7127.5,7134.5,1,3.56725,-10.56725,-0.1482602595580498
487,2019-12-12 18:40:00,2019-12-12 19:30:00,closed,long,win,7150.5,7173.5,1,3.58675,19.41325,0.2714950003496259
488,2019-12-12 19:35:00,2019-12-12 19:40:00,closed,long,lose,7174.0,7175.5,1,3.58775,-2.08775,-0.029101616950097577
489,2019-12-12 19:55:00,2019-12-12 20:25:00,closed,long,lose,7185.5,7186.0,1,3.593,-3.093,-0.04304502122329692
490,2019-12-12 21:00:00,2019-12-12 21:10:00,closed,long,lose,7187.0,7180.0,1,3.59,-10.59,-0.1473493808264923
491,2019-12-12 21:15:00,2019-12-12 21:25:00,closed,long,lose,7180.0,7176.0,1,3.588,-7.588,-0.10568245125348188
492,2019-12-12 22:00:00,2019-12-12 22:25:00,closed,long,lose,7191.0,7168.0,1,3.584,-26.584,-0.36968432763176196
493,2019-12-12 22:30:00,2019-12-12 22:40:00,closed,short,win,7154.0,7143.5,1,3.57175,6.92825,0.09684442270058709
494,2019-12-12 22:50:00,2019-12-12 22:55:00,closed,short,lose,7138.0,7157.0,1,3.5785,-22.5785,-0.3163140935836368
495,2019-12-12 23:00:00,2019-12-12 23:05:00,closed,short,lose,7145.0,7152.0,1,3.576,-10.576,-0.14801959412176346
496,2019-12-12 23:10:00,2019-12-12 23:20:00,closed,short,lose,7147.5,7149.0,1,3.5745,-5.0745000000000005,-0.07099685204617
497,2019-12-12 23:55:00,2019-12-13 00:00:00,closed,long,lose,7176.0,7170.0,1,3.585,-9.585,-0.13357023411371238
498,2019-12-13 00:05:00,2019-12-13 00:25:00,closed,long,win,7175.5,7183.5,1,3.59175,4.40825,0.06143474322346875
499,2019-12-13 00:30:00,2019-12-13 00:40:00,closed,long,win,7190.0,7196.0,1,3.598,2.402,0.03340751043115438
500,2019-12-13 00:55:00,2019-12-13 01:00:00,closed,long,lose,7191.5,7188.0,1,3.594,-7.093999999999999,-0.09864423277480358
501,2019-12-13 01:25:00,2019-12-13 01:35:00,closed,long,lose,7196.5,7194.5,1,3.5972500000000003,-5.597250000000001,-0.07777739178767457
502,2019-12-13 01:45:00,2019-12-13 01:55:00,closed,long,lose,7196.5,7188.5,1,3.59425,-11.59425,-0.16110956715069827
503,2019-12-13 02:10:00,2019-12-13 02:20:00,closed,long,win,7193.5,7197.5,1,3.59875,0.4012500000000001,0.005577952318064921
504,2019-12-13 02:25:00,2019-12-13 02:35:00,closed,long,lose,7211.0,7185.5,1,3.59275,-29.09275,-0.40344959090278737
505,2019-12-13 02:50:00,2019-12-13 02:55:00,closed,long,win,7198.5,7203.0,1,3.6015,0.8984999999999999,0.012481767034798913
506,2019-12-13 03:05:00,2019-12-13 03:10:00,closed,long,lose,7197.5,7193.5,1,3.59675,-7.59675,-0.10554706495310871
507,2019-12-13 03:20:00,2019-12-13 03:25:00,closed,long,lose,7199.0,7198.5,1,3.59925,-4.09925,-0.056941936380052786
508,2019-12-13 04:10:00,2019-12-13 05:20:00,closed,long,win,7197.5,7220.5,1,3.61025,19.38975,0.2693956234803751
509,2019-12-13 05:45:00,2019-12-13 05:50:00,closed,short,lose,7198.5,7199.0,1,3.5995,-4.0995,-0.05694936445092728
510,2019-12-13 05:55:00,2019-12-13 06:00:00,closed,short,lose,7197.0,7199.0,1,3.5995,-5.5995,-0.07780325135473114
511,2019-12-13 06:05:00,2019-12-13 06:20:00,closed,short,lose,7185.5,7198.5,1,3.59925,-16.59925,-0.2310103681024285
512,2019-12-13 06:35:00,2019-12-13 06:40:00,closed,short,lose,7189.0,7188.5,1,3.59425,-3.09425,-0.04304145221866741
513,2019-12-13 06:45:00,2019-12-13 06:55:00,closed,short,lose,7186.5,7191.5,1,3.5957500000000002,-8.59575,-0.1196096848257149
514,2019-12-13 07:30:00,2019-12-13 07:35:00,closed,short,lose,7186.5,7191.5,1,3.5957500000000002,-8.59575,-0.1196096848257149
515,2019-12-13 07:45:00,2019-12-13 07:50:00,closed,long,lose,7197.0,7191.0,1,3.5955,-9.5955,-0.13332638599416424
516,2019-12-13 07:55:00,2019-12-13 08:00:00,closed,short,lose,7187.0,7196.5,1,3.59825,-13.09825,-0.18224919994434396
517,2019-12-13 08:05:00,2019-12-13 08:25:00,closed,long,lose,7199.0,7194.0,1,3.597,-8.597,-0.11941936380052784
518,2019-12-13 08:30:00,2019-12-13 08:35:00,closed,short,lose,7192.5,7196.0,1,3.598,-7.098,-0.0986861313868613
519,2019-12-13 08:40:00,2019-12-13 09:00:00,closed,short,win,7195.5,7187.5,1,3.59375,4.40625,0.06123618928496978
520,2019-12-13 09:05:00,2019-12-13 09:20:00,closed,short,lose,7188.0,7191.5,1,3.5957500000000002,-7.095750000000001,-0.09871661101836396
521,2019-12-13 09:35:00,2019-12-13 09:40:00,closed,short,lose,7190.0,7188.5,1,3.59425,-2.09425,-0.029127260083449236
522,2019-12-13 09:50:00,2019-12-13 10:05:00,closed,short,lose,7188.5,7190.5,1,3.59525,-5.59525,-0.0778361271475273
523,2019-12-13 10:15:00,2019-12-13 10:40:00,closed,long,lose,7197.5,7197.0,1,3.5985,-4.0985,-0.05694338311913858
524,2019-12-13 11:10:00,2019-12-13 12:40:00,closed,long,win,7200.0,7217.0,1,3.6085000000000003,13.3915,0.18599305555555556
525,2019-12-13 15:10:00,2019-12-13 16:05:00,closed,long,lose,7210.5,7207.0,1,3.6035,-7.1035,-0.09851605297829555
526,2019-12-13 16:10:00,2019-12-13 16:15:00,closed,short,lose,7193.5,7208.5,1,3.60425,-18.60425,-0.25862584277472717
527,2019-12-13 16:20:00,2019-12-13 16:25:00,closed,short,lose,7202.0,7204.5,1,3.60225,-6.10225,-0.08472993612885309
528,2019-12-13 16:30:00,2019-12-13 16:35:00,closed,short,lose,7195.5,7201.0,1,3.6005000000000003,-9.1005,-0.12647488013341673
529,2019-12-13 16:45:00,2019-12-13 17:00:00,closed,short,lose,7203.0,7204.0,1,3.602,-4.602,-0.06389004581424407
530,2019-12-13 17:15:00,2019-12-13 17:20:00,closed,short,lose,7204.5,7204.5,1,3.60225,-3.60225,-0.05
531,2019-12-13 17:35:00,2019-12-13 17:45:00,closed,long,lose,7211.0,7209.0,1,3.6045000000000003,-5.6045,-0.07772153654139509
532,2019-12-13 17:50:00,2019-12-13 18:05:00,closed,short,lose,7202.0,7204.5,1,3.60225,-6.10225,-0.08472993612885309
533,2019-12-13 18:25:00,2019-12-13 18:30:00,closed,short,lose,7203.0,7206.0,1,3.603,-6.603,-0.0916701374427322
534,2019-12-13 18:35:00,2019-12-13 18:40:00,closed,short,lose,7205.0,7207.5,1,3.6037500000000002,-6.10375,-0.08471547536433033
535,2019-12-13 18:45:00,2019-12-13 19:05:00,closed,long,lose,7210.5,7210.0,1,3.605,-4.105,-0.05693086471118508
536,2019-12-13 19:30:00,2019-12-13 19:55:00,closed,long,lose,7210.5,7210.0,1,3.605,-4.105,-0.05693086471118508
537,2019-12-13 20:00:00,2019-12-13 20:30:00,closed,short,lose,7203.5,7204.5,1,3.60225,-4.60225,-0.06388908169639758
538,2019-12-13 20:55:00,2019-12-13 21:15:00,closed,long,lose,7217.0,7218.0,1,3.609,-2.609,-0.036150755161424415
539,2019-12-13 21:30:00,2019-12-13 22:05:00,closed,long,lose,7219.5,7220.0,1,3.61,-3.11,-0.04307777546921532
540,2019-12-13 22:35:00,2019-12-13 22:40:00,closed,long,lose,7220.0,7219.5,1,3.60975,-4.10975,-0.05692174515235457
541,2019-12-13 22:50:00,2019-12-13 23:30:00,closed,long,win,7220.0,7229.0,1,3.6145,5.3855,0.07459141274238228
542,2019-12-13 23:40:00,2019-12-14 01:05:00,closed,long,win,7233.0,7266.0,1,3.633,29.367,0.40601410203235166
543,2019-12-14 01:45:00,2019-12-14 02:05:00,closed,long,win,7263.0,7267.5,1,3.63375,0.86625,0.011926889714993803
544,2019-12-14 02:50:00,2019-12-14 02:55:00,closed,short,lose,7226.5,7228.0,1,3.614,-5.114,-0.07076731474434374
545,2019-12-14 04:15:00,2019-12-14 04:20:00,closed,long,lose,7255.0,7249.5,1,3.62475,-9.12475,-0.12577188146106136
546,2019-12-14 04:25:00,2019-12-14 04:30:00,closed,long,lose,7249.5,7249.5,1,3.62475,-3.62475,-0.05
547,2019-12-14 04:35:00,2019-12-14 04:45:00,closed,long,lose,7254.5,7256.5,1,3.62825,-1.62825,-0.02244468950306706
548,2019-12-14 04:50:00,2019-12-14 04:55:00,closed,short,lose,7250.0,7250.5,1,3.62525,-4.125249999999999,-0.05689999999999999
549,2019-12-14 05:00:00,2019-12-14 06:15:00,closed,short,win,7244.0,7236.0,1,3.618,4.382,0.0604914411927112
550,2019-12-14 06:30:00,2019-12-14 07:05:00,closed,short,lose,7234.0,7231.0,1,3.6155,-0.6154999999999999,-0.008508432402543543
551,2019-12-14 07:35:00,2019-12-14 07:50:00,closed,long,win,7236.0,7242.0,1,3.621,2.379,0.03287728026533997
552,2019-12-14 08:30:00,2019-12-14 08:35:00,closed,short,lose,7235.0,7234.5,1,3.61725,-3.11725,-0.043085694540428474
553,2019-12-14 09:30:00,2019-12-14 10:10:00,closed,long,lose,7250.5,7252.0,1,3.626,-2.126,-0.029322115716157508
554,2019-12-14 10:45:00,2019-12-14 10:50:00,closed,long,lose,7253.5,7250.5,1,3.62525,-6.625249999999999,-0.09133866409319638
555,2019-12-14 10:55:00,2019-12-14 11:05:00,closed,short,win,7240.0,7234.5,1,3.61725,1.8827500000000001,0.026004834254143648
556,2019-12-14 12:10:00,2019-12-14 12:15:00,closed,long,lose,7248.0,7247.5,1,3.6237500000000002,-4.12375,-0.0568950055187638
557,2019-12-14 12:25:00,2019-12-14 13:40:00,closed,long,win,7249.5,7257.0,1,3.6285000000000003,3.8714999999999997,0.05340368301262156
558,2019-12-14 13:45:00,2019-12-14 14:05:00,closed,long,lose,7259.0,7253.0,1,3.6265,-9.6265,-0.13261468521834963
559,2019-12-14 14:10:00,2019-12-14 15:05:00,closed,short,win,7250.0,7241.0,1,3.6205000000000003,5.3795,0.0742
560,2019-12-14 15:10:00,2019-12-14 15:15:00,closed,short,lose,7241.0,7246.5,1,3.62325,-9.12325,-0.1259943377986466
561,2019-12-14 15:40:00,2019-12-14 16:00:00,closed,long,lose,7250.5,7248.5,1,3.62425,-5.62425,-0.07757051237845666
562,2019-12-14 16:05:00,2019-12-14 17:10:00,closed,short,win,7241.5,7183.5,1,3.59175,54.40825,0.751339501484499
563,2019-12-14 17:20:00,2019-12-14 17:25:00,closed,short,lose,7184.0,7184.5,1,3.59225,-4.09225,-0.056963390868596885
564,2019-12-14 17:30:00,2019-12-14 17:35:00,closed,short,lose,7175.5,7183.0,1,3.5915,-11.0915,-0.15457459410494043
565,2019-12-14 17:40:00,2019-12-14 17:50:00,closed,short,lose,7183.0,7185.0,1,3.5925000000000002,-5.5925,-0.07785744118056523
566,2019-12-14 17:55:00,2019-12-14 18:00:00,closed,short,lose,7180.5,7179.0,1,3.5895,-2.0895,-0.029099644871527053
567,2019-12-14 18:40:00,2019-12-14 19:15:00,closed,short,win,7178.0,7171.5,1,3.58575,2.91425,0.04059974923376985
568,2019-12-14 19:20:00,2019-12-14 19:45:00,closed,short,lose,7170.0,7177.5,1,3.58875,-11.088750000000001,-0.15465481171548118
569,2019-12-14 20:10:00,2019-12-14 20:15:00,closed,short,lose,7170.0,7174.5,1,3.58725,-8.087250000000001,-0.1127928870292887
570,2019-12-14 20:30:00,2019-12-14 21:30:00,closed,short,win,7173.5,7154.0,1,3.577,15.923,0.2219697497734718
571,2019-12-14 21:50:00,2019-12-14 22:30:00,closed,short,win,7142.5,7130.0,1,3.565,8.935,0.12509625481274064
572,2019-12-14 23:05:00,2019-12-15 00:20:00,closed,short,win,7132.0,7041.0,1,3.5205,87.4795,1.2265773976444194
573,2019-12-15 00:25:00,2019-12-15 00:30:00,closed,short,win,7041.5,7033.0,1,3.5165,4.983499999999999,0.07077327274018319
574,2019-12-15 00:40:00,2019-12-15 00:45:00,closed,short,lose,7036.0,7045.0,1,3.5225,-12.5225,-0.1779775440591245
575,2019-12-15 03:50:00,2019-12-15 03:55:00,closed,short,lose,7063.0,7067.0,1,3.5335,-7.5335,-0.10666147529378452
576,2019-12-15 04:00:00,2019-12-15 04:20:00,closed,short,lose,7062.5,7068.0,1,3.5340000000000003,-9.034,-0.1279150442477876
577,2019-12-15 05:10:00,2019-12-15 05:15:00,closed,long,lose,7082.0,7077.5,1,3.5387500000000003,-8.03875,-0.11350960180739904
578,2019-12-15 05:20:00,2019-12-15 05:40:00,closed,long,lose,7081.5,7076.5,1,3.53825,-8.53825,-0.12057120666525453
579,2019-12-15 06:00:00,2019-12-15 06:05:00,closed,short,lose,7064.5,7070.5,1,3.53525,-9.53525,-0.13497416660768632
580,2019-12-15 06:15:00,2019-12-15 06:25:00,closed,long,lose,7079.0,7076.0,1,3.5380000000000003,-6.538,-0.09235767763808447
581,2019-12-15 06:30:00,2019-12-15 06:40:00,closed,long,lose,7076.5,7079.0,1,3.5395,-1.0394999999999999,-0.014689465131067616
582,2019-12-15 06:45:00,2019-12-15 07:10:00,closed,long,lose,7082.5,7080.0,1,3.54,-6.04,-0.08528062124955878
583,2019-12-15 07:15:00,2019-12-15 07:30:00,closed,short,win,7074.5,7070.0,1,3.535,0.9649999999999999,0.013640539967488867
584,2019-12-15 07:35:00,2019-12-15 08:35:00,closed,short,win,7068.0,7033.0,1,3.5165,31.4835,0.445437181663837
585,2019-12-15 08:40:00,2019-12-15 08:50:00,closed,short,lose,7034.0,7033.0,1,3.5165,-2.5165,-0.03577622974125676
586,2019-12-15 09:05:00,2019-12-15 09:10:00,closed,short,lose,7034.5,7041.5,1,3.52075,-10.52075,-0.14955931480560097
587,2019-12-15 09:15:00,2019-12-15 09:50:00,closed,short,lose,7031.5,7036.0,1,3.5180000000000002,-8.018,-0.1140297233876129
588,2019-12-15 11:25:00,2019-12-15 11:35:00,closed,short,lose,7045.5,7046.0,1,3.523,-4.023,-0.057100276772407914
589,2019-12-15 11:50:00,2019-12-15 12:00:00,closed,short,lose,7042.5,7047.5,1,3.52375,-8.52375,-0.12103301384451544
590,2019-12-15 12:10:00,2019-12-15 12:15:00,closed,short,lose,7047.5,7052.5,1,3.52625,-8.526250000000001,-0.12098261794962754
591,2019-12-15 12:30:00,2019-12-15 12:35:00,closed,long,lose,7054.0,7049.5,1,3.52475,-8.024750000000001,-0.11376169549191949
592,2019-12-15 12:40:00,2019-12-15 12:45:00,closed,long,lose,7052.5,7053.0,1,3.5265,-3.0265,-0.042913860333215176
593,2019-12-15 13:05:00,2019-12-15 13:10:00,closed,long,lose,7051.0,7047.0,1,3.5235,-7.5235,-0.10670117713799461
594,2019-12-15 13:30:00,2019-12-15 13:35:00,closed,short,lose,7042.5,7043.0,1,3.5215,-4.0215,-0.057103301384451535
595,2019-12-15 13:40:00,2019-12-15 13:45:00,closed,short,lose,7040.5,7040.5,1,3.52025,-3.52025,-0.05
596,2019-12-15 14:20:00,2019-12-15 14:30:00,closed,short,lose,7031.5,7036.5,1,3.51825,-8.51825,-0.12114413709734764
597,2019-12-15 15:00:00,2019-12-15 15:05:00,closed,long,lose,7080.0,7060.0,1,3.5300000000000002,-23.53,-0.33234463276836157
598,2019-12-15 15:10:00,2019-12-15 15:15:00,closed,short,lose,7035.0,7041.0,1,3.5205,-9.5205,-0.13533049040511727
599,2019-12-15 15:20:00,2019-12-15 16:15:00,closed,long,win,7056.0,7127.0,1,3.5635,67.4365,0.9557327097505668
600,2019-12-15 16:45:00,2019-12-15 17:20:00,closed,long,lose,7134.5,7136.0,1,3.568,-2.068,-0.02898591351881702
601,2019-12-15 17:55:00,2019-12-15 18:00:00,closed,long,lose,7131.5,7134.5,1,3.56725,-0.56725,-0.007954147093879269
602,2019-12-15 20:00:00,2019-12-15 20:15:00,closed,long,lose,7134.0,7119.0,1,3.5595,-18.5595,-0.2601555929352397
603,2019-12-15 20:30:00,2019-12-15 21:10:00,closed,short,win,7090.0,7078.0,1,3.539,8.461,0.11933709449929479
604,2019-12-15 21:35:00,2019-12-15 21:50:00,closed,short,lose,7074.0,7076.5,1,3.53825,-6.03825,-0.08535835453774385
605,2019-12-15 21:55:00,2019-12-15 22:00:00,closed,short,lose,7072.5,7087.0,1,3.5435,-18.0435,-0.2551219512195122
606,2019-12-15 22:50:00,2019-12-15 23:05:00,closed,long,lose,7109.5,7103.5,1,3.55175,-9.55175,-0.13435192348266403
607,2019-12-15 23:15:00,2019-12-15 23:20:00,closed,long,lose,7114.0,7109.0,1,3.5545,-8.5545,-0.12024880517289853
608,2019-12-15 23:40:00,2019-12-15 23:45:00,closed,short,lose,7095.5,7097.5,1,3.54875,-5.54875,-0.07820097244732577
609,2019-12-15 23:50:00,2019-12-16 00:15:00,closed,long,lose,7104.0,7096.5,1,3.54825,-11.04825,-0.15552153716216216
610,2019-12-16 00:25:00,2019-12-16 01:00:00,closed,short,lose,7085.5,7085.5,1,3.5427500000000003,-3.5427500000000003,-0.05
611,2019-12-16 01:50:00,2019-12-16 02:00:00,closed,long,lose,7096.5,7088.5,1,3.54425,-11.54425,-0.16267526245332206
612,2019-12-16 02:15:00,2019-12-16 03:00:00,closed,long,win,7097.0,7106.0,1,3.553,5.447,0.07675073974918979
613,2019-12-16 03:05:00,2019-12-16 03:10:00,closed,short,lose,7095.0,7101.5,1,3.5507500000000003,-10.05075,-0.14165961945031713
614,2019-12-16 03:20:00,2019-12-16 03:30:00,closed,short,lose,7097.5,7099.5,1,3.54975,-5.5497499999999995,-0.07819302571327931
615,2019-12-16 03:40:00,2019-12-16 03:50:00,closed,short,lose,7095.0,7102.5,1,3.55125,-11.05125,-0.15576109936575053
616,2019-12-16 04:05:00,2019-12-16 04:20:00,closed,long,lose,7102.5,7100.0,1,3.5500000000000003,-6.050000000000001,-0.08518127419922564
617,2019-12-16 04:25:00,2019-12-16 04:30:00,closed,long,win,7105.0,7110.0,1,3.555,1.4449999999999998,0.020337790288529202
618,2019-12-16 04:35:00,2019-12-16 05:10:00,closed,long,lose,7116.5,7109.0,1,3.5545,-11.0545,-0.15533619054310407
619,2019-12-16 05:40:00,2019-12-16 06:05:00,closed,long,win,7109.0,7114.0,1,3.557,1.443,0.020298213532142353
620,2019-12-16 06:15:00,2019-12-16 06:20:00,closed,long,lose,7125.0,7119.0,1,3.5595,-9.5595,-0.13416842105263158
621,2019-12-16 06:35:00,2019-12-16 06:45:00,closed,long,win,7115.0,7119.0,1,3.5595,0.4405000000000001,0.0061911454673225595
622,2019-12-16 06:50:00,2019-12-16 06:55:00,closed,long,lose,7119.5,7112.0,1,3.556,-11.056000000000001,-0.15529180419973312
623,2019-12-16 07:00:00,2019-12-16 07:15:00,closed,short,lose,7098.0,7107.5,1,3.55375,-13.05375,-0.18390743871513104
624,2019-12-16 07:20:00,2019-12-16 07:30:00,closed,short,lose,7104.5,7104.5,1,3.55225,-3.55225,-0.05
625,2019-12-16 08:00:00,2019-12-16 08:05:00,closed,long,lose,7119.0,7110.5,1,3.55525,-12.055250000000001,-0.1693390925691811
626,2019-12-16 08:10:00,2019-12-16 09:05:00,closed,short,win,7094.0,7074.5,1,3.5372500000000002,15.96275,0.22501762052438679
627,2019-12-16 09:25:00,2019-12-16 09:30:00,closed,short,lose,7070.5,7074.5,1,3.5372500000000002,-7.53725,-0.10660137189731984
628,2019-12-16 09:45:00,2019-12-16 09:50:00,closed,short,lose,7081.5,7083.5,1,3.54175,-5.54175,-0.07825672527006991
629,2019-12-16 10:00:00,2019-12-16 10:05:00,closed,short,win,7078.5,7074.5,1,3.5372500000000002,0.4627499999999998,0.006537401991947443
630,2019-12-16 10:10:00,2019-12-16 10:15:00,closed,short,lose,7067.5,7080.0,1,3.54,-16.04,-0.22695436858860982
631,2019-12-16 10:45:00,2019-12-16 10:55:00,closed,short,lose,7079.5,7076.5,1,3.53825,-0.5382500000000001,-0.007602938060597501
632,2019-12-16 11:05:00,2019-12-16 11:10:00,closed,short,lose,7079.5,7083.0,1,3.5415,-7.0415,-0.09946323892930291
633,2019-12-16 11:20:00,2019-12-16 11:25:00,closed,short,lose,7074.5,7076.5,1,3.53825,-5.53825,-0.07828468442999505
634,2019-12-16 11:30:00,2019-12-16 12:25:00,closed,short,win,7069.0,7056.0,1,3.528,9.472,0.13399349271466968
635,2019-12-16 12:55:00,2019-12-16 13:00:00,closed,short,lose,7052.5,7059.0,1,3.5295,-10.0295,-0.14221198156682027
636,2019-12-16 13:10:00,2019-12-16 13:25:00,closed,short,lose,7055.5,7057.0,1,3.5285,-5.0285,-0.07127063992629863
637,2019-12-16 14:40:00,2019-12-16 14:45:00,closed,long,lose,7071.0,7070.5,1,3.53525,-4.03525,-0.057067600056569086
638,2019-12-16 15:05:00,2019-12-16 15:10:00,closed,long,lose,7079.0,7079.0,1,3.5395,-3.5395,-0.05
639,2019-12-16 15:20:00,2019-12-16 15:25:00,closed,long,lose,7076.0,7075.5,1,3.53775,-4.03775,-0.05706260599208592
640,2019-12-16 15:35:00,2019-12-16 16:15:00,closed,short,win,7066.5,7054.5,1,3.52725,8.47275,0.11990023349607301
641,2019-12-16 16:20:00,2019-12-16 16:25:00,closed,short,lose,7051.5,7063.0,1,3.5315,-15.0315,-0.21316741118910867
642,2019-12-16 16:55:00,2019-12-16 17:20:00,closed,short,lose,7051.0,7056.5,1,3.52825,-9.02825,-0.1280421216848674
643,2019-12-16 17:25:00,2019-12-16 17:30:00,closed,long,lose,7056.5,7054.5,1,3.52725,-5.52725,-0.07832849146177284
644,2019-12-16 17:40:00,2019-12-16 17:50:00,closed,long,lose,7059.0,7053.5,1,3.5267500000000003,-9.02675,-0.12787576143929735
645,2019-12-16 17:55:00,2019-12-16 18:05:00,closed,short,lose,7044.0,7049.5,1,3.52475,-9.024750000000001,-0.1281196763202726
646,2019-12-16 18:10:00,2019-12-16 18:15:00,closed,short,lose,7049.5,7053.0,1,3.5265,-7.0265,-0.09967373572593802
647,2019-12-16 18:20:00,2019-12-16 18:35:00,closed,long,lose,7062.0,7059.5,1,3.52975,-6.02975,-0.08538303596714812
648,2019-12-16 18:55:00,2019-12-16 19:15:00,closed,short,lose,7051.5,7058.0,1,3.529,-10.029,-0.14222505849819186
649,2019-12-16 19:20:00,2019-12-16 19:25:00,closed,long,lose,7064.0,7060.0,1,3.5300000000000002,-7.53,-0.10659682899207248
650,2019-12-16 19:50:00,2019-12-16 19:55:00,closed,long,lose,7085.0,7074.0,1,3.537,-14.536999999999999,-0.20517995765702185
651,2019-12-16 20:00:00,2019-12-16 20:15:00,closed,long,lose,7085.5,7063.0,1,3.5315,-26.0315,-0.36739115094206476
652,2019-12-16 20:25:00,2019-12-16 20:30:00,closed,long,lose,7071.5,7073.0,1,3.5365,-2.0365,-0.028798699003040374
653,2019-12-16 20:40:00,2019-12-16 21:20:00,closed,long,win,7077.0,7088.0,1,3.544,7.4559999999999995,0.10535537657199379
654,2019-12-16 21:25:00,2019-12-16 22:20:00,closed,long,win,7092.0,7118.0,1,3.559,22.441,0.31642695995487874
655,2019-12-16 23:00:00,2019-12-16 23:10:00,closed,long,lose,7111.0,7092.0,1,3.5460000000000003,-22.546,-0.31705807903248484
656,2019-12-17 00:25:00,2019-12-17 00:30:00,closed,short,lose,7078.0,7080.0,1,3.54,-5.54,-0.07827069793727041
657,2019-12-17 00:35:00,2019-12-17 00:40:00,closed,short,lose,7077.5,7089.0,1,3.5445,-15.0445,-0.2125679971741434
658,2019-12-17 00:55:00,2019-12-17 01:10:00,closed,long,lose,7081.0,7081.5,1,3.54075,-3.04075,-0.04294238101963
659,2019-12-17 01:15:00,2019-12-17 01:20:00,closed,short,lose,7081.5,7081.5,1,3.54075,-3.54075,-0.05
660,2019-12-17 01:50:00,2019-12-17 02:05:00,closed,long,win,7092.0,7097.0,1,3.5485,1.4514999999999998,0.020466723068245908
